<metadata xml:lang="en"><Esri><CreaDate>20121005</CreaDate><CreaTime>10385700</CreaTime><SyncOnce>FALSE</SyncOnce><DataProperties><lineage><Process Name="Create Feature Class" ToolSource="C:\Program Files\ArcGIS\ArcToolbox\Toolboxes\Data Management Tools.tbx\CreateFeatureclass" Date="20070517" Time="165944">CreateFeatureclass "Database Connections\Connection to co-gis06.cps.k12.il.us.sde" HIGH_FINAL_NEW # highschool_new_Dissolve_wdat SAME_AS_TEMPLATE SAME_AS_TEMPLATE "PROJCS['NAD_1983_StatePlane_Illinois_East_FIPS_1201_Feet',GEOGCS['GCS_North_American_1983',DATUM['D_North_American_1983',SPHEROID['GRS_1980',6378137.0,298.257222101]],PRIMEM['Greenwich',0.0],UNIT['Degree',0.0174532925199433]],PROJECTION['Transverse_Mercator'],PARAMETER['False_Easting',984250.0],PARAMETER['False_Northing',0.0],PARAMETER['Central_Meridian',-88.33333333333333],PARAMETER['Scale_Factor',0.999975],PARAMETER['Latitude_Of_Origin',36.66666666666666],UNIT['Foot_US',0.3048006096012192]];1051773 1774707 10000;0 1;0 1" # 0 0 0 "Database Connections\Connection to co-gis06.cps.k12.il.us.sde\IMPACT.HIGH_FINAL_NEW"</Process><Process Name="Append" ToolSource="C:\Program Files\ArcGIS\ArcToolbox\Toolboxes\Data Management Tools.tbx\Append" Date="20070517" Time="165946">Append highschool_new_Dissolve_wdat "Database Connections\Connection to co-gis06.cps.k12.il.us.sde\IMPACT.HIGH_FINAL_NEW" TEST "Database Connections\Connection to co-gis06.cps.k12.il.us.sde\IMPACT.HIGH_FINAL_NEW"</Process><Process Name="FeatureClassToFeatureClass_3" ToolSource="C:\Program Files\ArcGIS\ArcToolbox\Toolboxes\Conversion Tools.tbx\FeatureClassToFeatureClass" Date="20070517" Time="165947">FeatureClassToFeatureClass "C:\Documents and Settings\tschuble\Desktop\attendance_boundaries_complete4production\attendance_boundaries_complete4production.mdb\attendance\highschool_new_Dissolve_wdata" "Database Connections\Connection to co-gis06.cps.k12.il.us.sde" HIGH_FINAL_NEW # "UNITC UNITC VISIBLE;UNITN UNITN VISIBLE;S_BNDRY S_BNDRY VISIBLE;ADDRESS ADDRESS VISIBLE;GRADES GRADES VISIBLE;BOARD_REPO BOARD_REPO VISIBLE;UPDATED UPDATED VISIBLE;EDITOR EDITOR VISIBLE;SHAPE_LENG SHAPE_LENG VISIBLE;Shape_Length Shape_Length VISIBLE;Shape_Area Shape_Area VISIBLE;HIGH_UNITC HIGH_UNITC VISIBLE;HIGH_S_BNDRY HIGH_S_BNDRY VISIBLE;HIGH_GRADES HIGH_GRADES VISIBLE" SAME_AS_TEMPLATE SAME_AS_TEMPLATE # 0 "Database Connections\Connection to co-gis06.cps.k12.il.us.sde\IMPACT.HIGH_FINAL_NEW"</Process><Process Name="FeatureClassToFeatureClass_20" ToolSource="C:\Program Files\ArcGIS\ArcToolbox\Toolboxes\Conversion Tools.tbx\FeatureClassToFeatureClass" Date="20070608" Time="143151">FeatureClassToFeatureClass "Database Connections\impact_06.sde\IMPACT.HIGH_FINAL" "Database Connections\gis_06.sde" High_School_Attendance_0708 # "UNITC UNITC true true false 4 Text 0 0 ,First,#,Database Connections\impact_06.sde\IMPACT.HIGH_FINAL,UNITC,-1,-1;UNITN UNITN true true false 2 Short 0 4 ,First,#,Database Connections\impact_06.sde\IMPACT.HIGH_FINAL,UNITN,-1,-1;S_BNDRY S_BNDRY true true false 50 Text 0 0 ,First,#,Database Connections\impact_06.sde\IMPACT.HIGH_FINAL,S_BNDRY,-1,-1;ADDRESS ADDRESS true true false 24 Text 0 0 ,First,#,Database Connections\impact_06.sde\IMPACT.HIGH_FINAL,ADDRESS,-1,-1;GRADES GRADES true true false 50 Text 0 0 ,First,#,Database Connections\impact_06.sde\IMPACT.HIGH_FINAL,GRADES,-1,-1;BOARD_REPO BOARD_REPO true true false 25 Text 0 0 ,First,#,Database Connections\impact_06.sde\IMPACT.HIGH_FINAL,BOARD_REPO,-1,-1;UPDATED UPDATED true true false 16 Text 0 0 ,First,#,Database Connections\impact_06.sde\IMPACT.HIGH_FINAL,UPDATED,-1,-1;EDITOR EDITOR true true false 16 Text 0 0 ,First,#,Database Connections\impact_06.sde\IMPACT.HIGH_FINAL,EDITOR,-1,-1;SHAPE_LENG SHAPE_LENG true true false 8 Double 8 38 ,First,#,Database Connections\impact_06.sde\IMPACT.HIGH_FINAL,SHAPE_LENG,-1,-1;HIGH_UNITC HIGH_UNITC true true false 10 Text 0 0 ,First,#,Database Connections\impact_06.sde\IMPACT.HIGH_FINAL,HIGH_UNITC,-1,-1;HIGH_S_BNDRY HIGH_S_BNDRY true true false 50 Text 0 0 ,First,#,Database Connections\impact_06.sde\IMPACT.HIGH_FINAL,HIGH_S_BNDRY,-1,-1;HIGH_GRADES HIGH_GRADES true true false 50 Text 0 0 ,First,#,Database Connections\impact_06.sde\IMPACT.HIGH_FINAL,HIGH_GRADES,-1,-1;AREA AREA false false true 0 Double 0 0 ,First,#,Database Connections\impact_06.sde\IMPACT.HIGH_FINAL,SHAPE.AREA,-1,-1;LEN LEN false false true 0 Double 0 0 ,First,#,Database Connections\impact_06.sde\IMPACT.HIGH_FINAL,SHAPE.LEN,-1,-1" # "Database Connections\gis_06.sde\GIS.High_School_Attendance_0708"</Process><Process ToolSource="C:\Program Files\ArcGIS\ArcToolbox\Toolboxes\Data Management Tools.tbx\CopyFeatures" Date="20070612" Time="120214">CopyFeatures "Database Connections\Connection to co-gis06.cps.k12.il.us.sde\GIS.High_School_Attendance_0708" "N:\OPSAPPS\0708 boundary edits.mdb\GIS_High_School_Attendance_0708" # 0 0 0</Process><Process ToolSource="C:\Program Files\ArcGIS\ArcToolbox\Toolboxes\Data Management Tools.tbx\CopyFeatures" Date="20070621" Time="132032">CopyFeatures "N:\OPSAPPS\0708 boundary edits.mdb\att_bndry\GIS_High_School_Attendance_0708" "N:\OPSAPPS\Data\0708 bounds.mdb\GIS_High_School_Attendance_0708" # 0 0 0</Process><Process ToolSource="C:\Program Files\ArcGIS\ArcToolbox\Toolboxes\Data Management Tools.tbx\CopyFeatures" Date="20070730" Time="143617">CopyFeatures "N:\OPSAPPS\Data\0708 bounds.mdb\High_School_Attendance_0708" "N:\OPSAPPS\Data\0730 update.mdb\High_School_Attendance_0708" # 0 0 0</Process><Process Name="FeatureClassToFeatureClass_2" ToolSource="C:\Program Files\ArcGIS\ArcToolbox\Toolboxes\Conversion Tools.tbx\FeatureClassToFeatureClass" Date="20070803" Time="110516">FeatureClassToFeatureClass "C:\stuff\cps\boundaries_0708\0730 update.mdb\High_School_Attendance_0708" "Database Connections\co-gis06_gis_login.sde" High_School_Attendance_new # "UNITC UNITC true true false 4 Text 0 0 ,First,#,C:\stuff\cps\boundaries_0708\0730 update.mdb\High_School_Attendance_0708,UNITC,-1,-1;UNITN UNITN true true false 2 Short 0 0 ,First,#,C:\stuff\cps\boundaries_0708\0730 update.mdb\High_School_Attendance_0708,UNITN,-1,-1;S_BNDRY S_BNDRY true true false 50 Text 0 0 ,First,#,C:\stuff\cps\boundaries_0708\0730 update.mdb\High_School_Attendance_0708,S_BNDRY,-1,-1;ADDRESS ADDRESS true true false 24 Text 0 0 ,First,#,C:\stuff\cps\boundaries_0708\0730 update.mdb\High_School_Attendance_0708,ADDRESS,-1,-1;GRADES GRADES true true false 50 Text 0 0 ,First,#,C:\stuff\cps\boundaries_0708\0730 update.mdb\High_School_Attendance_0708,GRADES,-1,-1;BOARD_REPO BOARD_REPO true true false 25 Text 0 0 ,First,#,C:\stuff\cps\boundaries_0708\0730 update.mdb\High_School_Attendance_0708,BOARD_REPO,-1,-1;UPDATED UPDATED true true false 16 Text 0 0 ,First,#,C:\stuff\cps\boundaries_0708\0730 update.mdb\High_School_Attendance_0708,UPDATED,-1,-1;EDITOR EDITOR true true false 16 Text 0 0 ,First,#,C:\stuff\cps\boundaries_0708\0730 update.mdb\High_School_Attendance_0708,EDITOR,-1,-1;SHAPE_LENG SHAPE_LENG true true false 8 Double 0 0 ,First,#,C:\stuff\cps\boundaries_0708\0730 update.mdb\High_School_Attendance_0708,SHAPE_LENG,-1,-1;HIGH_UNITC HIGH_UNITC true true false 10 Text 0 0 ,First,#,C:\stuff\cps\boundaries_0708\0730 update.mdb\High_School_Attendance_0708,HIGH_UNITC,-1,-1;HIGH_S_BNDRY HIGH_S_BNDRY true true false 50 Text 0 0 ,First,#,C:\stuff\cps\boundaries_0708\0730 update.mdb\High_School_Attendance_0708,HIGH_S_BNDRY,-1,-1;HIGH_GRADES HIGH_GRADES true true false 50 Text 0 0 ,First,#,C:\stuff\cps\boundaries_0708\0730 update.mdb\High_School_Attendance_0708,HIGH_GRADES,-1,-1;SHAPE_Length SHAPE_Length false true true 8 Double 0 0 ,First,#,C:\stuff\cps\boundaries_0708\0730 update.mdb\High_School_Attendance_0708,SHAPE_Length,-1,-1;SHAPE_Area SHAPE_Area false true true 8 Double 0 0 ,First,#,C:\stuff\cps\boundaries_0708\0730 update.mdb\High_School_Attendance_0708,SHAPE_Area,-1,-1" # "Database Connections\co-gis06_gis_login.sde\GIS.High_School_Attendance_new"</Process><Process ToolSource="C:\Program Files\ArcGIS\ArcToolbox\Toolboxes\Data Management Tools.tbx\CopyFeatures" Date="20071001" Time="114754">CopyFeatures "Database Connections\Connection to co-gis06.cps.k12.il.us.sde\GIS.High_School_Attendance" "N:\OPSAPPS\FY 2008 File GDB.gdb\GIS_High_School_Attendance" # 0 0 0</Process><Process ToolSource="C:\Program Files\ArcGIS\ArcToolbox\Toolboxes\Data Management Tools.tbx\CopyFeatures" Date="20080327" Time="134932">CopyFeatures "N:\OPSAPPS\FY 2008 File GDB.gdb\High_School_Attendance_2007" "N:\OPSAPPS\0809 boundary updates\0809 boundary updae edit1.mdb\High_School_Attendance_2007" # 0 0 0</Process><Process ToolSource="C:\Program Files\ArcGIS\ArcToolbox\Toolboxes\Data Management Tools.tbx\CopyFeatures" Date="20080414" Time="094842">CopyFeatures "N:\OPSAPPS\0809 boundary updates\0809 boundary updae edit1.mdb\High_School_Attendance_2008" "N:\OPSAPPS\FY 2008 File GDB.gdb\High_School_Attendance_2008" # 0 0 0</Process><Process ToolSource="C:\Program Files\ArcGIS\ArcToolbox\Toolboxes\Data Management Tools.tbx\CopyFeatures" Date="20080522" Time="091805">CopyFeatures "N:\OPSAPPS\FY 2008 File GDB.gdb\High_School_Attendance_2008" "N:\OPSAPPS\FY 2009 File GDB.gdb\High_School_Attendance_2008" # 0 0 0</Process><Process ToolSource="C:\Program Files\ArcGIS\ArcToolbox\Toolboxes\Data Management Tools.tbx\CopyFeatures" Date="20090403" Time="155638">CopyFeatures "N:\OPSAPPS\FY 2009 File GDB.gdb\High_School_Attendance_Proposed_0910" "N:\OPSAPPS\0809 files v2.mdb\High_School_Attendance_Proposed_0910" # 0 0 0</Process><Process ToolSource="C:\Program Files\ArcGIS\ArcToolbox\Toolboxes\Data Management Tools.tbx\CopyFeatures" Date="20090811" Time="103351">CopyFeatures "N:\OPSAPPS\0910 files v3.mdb\High_School_Attendance_Proposed_0910" "N:\OPSAPPS\FY 2010 File GDB.gdb\High_School_Attendance_Proposed_0910" # 0 0 0</Process><Process ToolSource="C:\Program Files\ArcGIS\ArcToolbox\Toolboxes\Data Management Tools.tbx\CopyFeatures" Date="20100414" Time="162149">CopyFeatures "N:\OPSAPPS\FY 2010 File GDB.gdb\High_School_Attendance_Proposed_2010_2011" "N:\OPSAPPS\10-11 Boundaries 041410.mdb\High_School_Attendance_Proposed_2010_2011" # 0 0 0</Process><Process ToolSource="C:\Program Files\ArcGIS\ArcToolbox\Toolboxes\Conversion Tools.tbx\FeatureClassToFeatureClass" Date="20100425" Time="162418">FeatureClassToFeatureClass "C:\Documents and Settings\tjschuble\Desktop\10-11 Boundaries 042110\10-11 Boundaries 041410.mdb\High_School_Attendance_Proposed_2010_2011" D:\impact_gis\attendance_boundaries_1011\attendance_boundaries_1011.gdb high1011 # "UNITC 'UNITC' true true false 4 Text 0 0 ,First,#,C:\Documents and Settings\tjschuble\Desktop\10-11 Boundaries 042110\10-11 Boundaries 041410.mdb\High_School_Attendance_Proposed_2010_2011,UNITC,-1,-1;UNITN 'UNITN' true true false 2 Short 0 0 ,First,#,C:\Documents and Settings\tjschuble\Desktop\10-11 Boundaries 042110\10-11 Boundaries 041410.mdb\High_School_Attendance_Proposed_2010_2011,UNITN,-1,-1;S_BNDRY 'S_BNDRY' true true false 50 Text 0 0 ,First,#,C:\Documents and Settings\tjschuble\Desktop\10-11 Boundaries 042110\10-11 Boundaries 041410.mdb\High_School_Attendance_Proposed_2010_2011,S_BNDRY,-1,-1;ADDRESS 'ADDRESS' true true false 24 Text 0 0 ,First,#,C:\Documents and Settings\tjschuble\Desktop\10-11 Boundaries 042110\10-11 Boundaries 041410.mdb\High_School_Attendance_Proposed_2010_2011,ADDRESS,-1,-1;GRADES 'GRADES' true true false 50 Text 0 0 ,First,#,C:\Documents and Settings\tjschuble\Desktop\10-11 Boundaries 042110\10-11 Boundaries 041410.mdb\High_School_Attendance_Proposed_2010_2011,GRADES,-1,-1;BOARD_REPO 'BOARD_REPO' true true false 25 Text 0 0 ,First,#,C:\Documents and Settings\tjschuble\Desktop\10-11 Boundaries 042110\10-11 Boundaries 041410.mdb\High_School_Attendance_Proposed_2010_2011,BOARD_REPO,-1,-1;UPDATED 'UPDATED' true true false 16 Text 0 0 ,First,#,C:\Documents and Settings\tjschuble\Desktop\10-11 Boundaries 042110\10-11 Boundaries 041410.mdb\High_School_Attendance_Proposed_2010_2011,UPDATED,-1,-1;EDITOR 'EDITOR' true true false 16 Text 0 0 ,First,#,C:\Documents and Settings\tjschuble\Desktop\10-11 Boundaries 042110\10-11 Boundaries 041410.mdb\High_School_Attendance_Proposed_2010_2011,EDITOR,-1,-1;SHAPE_LENG 'SHAPE_LENG' true true false 8 Double 0 0 ,First,#,C:\Documents and Settings\tjschuble\Desktop\10-11 Boundaries 042110\10-11 Boundaries 041410.mdb\High_School_Attendance_Proposed_2010_2011,SHAPE_LENG,-1,-1;HIGH_UNITC 'HIGH_UNITC' true true false 10 Text 0 0 ,First,#,C:\Documents and Settings\tjschuble\Desktop\10-11 Boundaries 042110\10-11 Boundaries 041410.mdb\High_School_Attendance_Proposed_2010_2011,HIGH_UNITC,-1,-1;HIGH_S_BNDRY 'HIGH_S_BNDRY' true true false 50 Text 0 0 ,First,#,C:\Documents and Settings\tjschuble\Desktop\10-11 Boundaries 042110\10-11 Boundaries 041410.mdb\High_School_Attendance_Proposed_2010_2011,HIGH_S_BNDRY,-1,-1;HIGH_GRADES 'HIGH_GRADES' true true false 50 Text 0 0 ,First,#,C:\Documents and Settings\tjschuble\Desktop\10-11 Boundaries 042110\10-11 Boundaries 041410.mdb\High_School_Attendance_Proposed_2010_2011,HIGH_GRADES,-1,-1;School_ID 'School_ID' true true false 6 Text 0 0 ,First,#,C:\Documents and Settings\tjschuble\Desktop\10-11 Boundaries 042110\10-11 Boundaries 041410.mdb\High_School_Attendance_Proposed_2010_2011,School_ID,-1,-1;SHAPE_Length 'SHAPE_Length' false true true 8 Double 0 0 ,First,#,C:\Documents and Settings\tjschuble\Desktop\10-11 Boundaries 042110\10-11 Boundaries 041410.mdb\High_School_Attendance_Proposed_2010_2011,SHAPE_Length,-1,-1;SHAPE_Area 'SHAPE_Area' false true true 8 Double 0 0 ,First,#,C:\Documents and Settings\tjschuble\Desktop\10-11 Boundaries 042110\10-11 Boundaries 041410.mdb\High_School_Attendance_Proposed_2010_2011,SHAPE_Area,-1,-1" # D:\impact_gis\attendance_boundaries_1011\attendance_boundaries_1011.gdb\high1011</Process><Process ToolSource="C:\Program Files\ArcGIS\ArcToolbox\Toolboxes\Conversion Tools.tbx\FeatureClassToFeatureClass" Date="20100510" Time="204532">FeatureClassToFeatureClass D:\impact_gis\attendance_boundaries_1011\attendance_boundaries_1011.gdb\HIGH_FINAL D:\impact_gis\attendance_boundaries_1011\attendance_boundaries_1011.gdb\attendance HIGH_FINAL2 # "UNITC 'UNITC' true true false 4 Text 0 0 ,First,#,D:\impact_gis\attendance_boundaries_1011\attendance_boundaries_1011.gdb\HIGH_FINAL,UNITC,-1,-1;UNITN 'UNITN' true true false 2 Short 0 0 ,First,#,D:\impact_gis\attendance_boundaries_1011\attendance_boundaries_1011.gdb\HIGH_FINAL,UNITN,-1,-1;S_BNDRY 'S_BNDRY' true true false 50 Text 0 0 ,First,#,D:\impact_gis\attendance_boundaries_1011\attendance_boundaries_1011.gdb\HIGH_FINAL,S_BNDRY,-1,-1;ADDRESS 'ADDRESS' true true false 24 Text 0 0 ,First,#,D:\impact_gis\attendance_boundaries_1011\attendance_boundaries_1011.gdb\HIGH_FINAL,ADDRESS,-1,-1;GRADES 'GRADES' true true false 50 Text 0 0 ,First,#,D:\impact_gis\attendance_boundaries_1011\attendance_boundaries_1011.gdb\HIGH_FINAL,GRADES,-1,-1;BOARD_REPO 'BOARD_REPO' true true false 25 Text 0 0 ,First,#,D:\impact_gis\attendance_boundaries_1011\attendance_boundaries_1011.gdb\HIGH_FINAL,BOARD_REPO,-1,-1;UPDATED 'UPDATED' true true false 16 Text 0 0 ,First,#,D:\impact_gis\attendance_boundaries_1011\attendance_boundaries_1011.gdb\HIGH_FINAL,UPDATED,-1,-1;EDITOR 'EDITOR' true true false 16 Text 0 0 ,First,#,D:\impact_gis\attendance_boundaries_1011\attendance_boundaries_1011.gdb\HIGH_FINAL,EDITOR,-1,-1;HIGH_UNITC 'HIGH_UNITC' true true false 10 Text 0 0 ,First,#,D:\impact_gis\attendance_boundaries_1011\attendance_boundaries_1011.gdb\HIGH_FINAL,HIGH_UNITC,-1,-1;HIGH_S_BNDRY 'HIGH_S_BNDRY' true true false 50 Text 0 0 ,First,#,D:\impact_gis\attendance_boundaries_1011\attendance_boundaries_1011.gdb\HIGH_FINAL,HIGH_S_BNDRY,-1,-1;HIGH_GRADES 'HIGH_GRADES' true true false 50 Text 0 0 ,First,#,D:\impact_gis\attendance_boundaries_1011\attendance_boundaries_1011.gdb\HIGH_FINAL,HIGH_GRADES,-1,-1;Shape_Length 'Shape_Length' false true true 8 Double 0 0 ,First,#,D:\impact_gis\attendance_boundaries_1011\attendance_boundaries_1011.gdb\HIGH_FINAL,Shape_Length,-1,-1;Shape_Area 'Shape_Area' false true true 8 Double 0 0 ,First,#,D:\impact_gis\attendance_boundaries_1011\attendance_boundaries_1011.gdb\HIGH_FINAL,Shape_Area,-1,-1;HIGH_SCHOOLID 'HIGH_SCHOOLID' true true false 6 Text 0 0 ,First,#,D:\impact_gis\attendance_boundaries_1011\attendance_boundaries_1011.gdb\HIGH_FINAL,HIGH_SCHOOLID,-1,-1;HIGH_FACILITYID 'HIGH_FACILITYID' true true false 50 Text 0 0 ,First,#,D:\impact_gis\attendance_boundaries_1011\attendance_boundaries_1011.gdb\HIGH_FINAL,HIGH_FACILITYID,-1,-1;HIGH_ADDRESS 'HIGH_ADDRESS' true true false 100 Text 0 0 ,First,#,D:\impact_gis\attendance_boundaries_1011\attendance_boundaries_1011.gdb\HIGH_FINAL,HIGH_ADDRESS,-1,-1;SCHOOLID 'SCHOOLID' true true false 6 Text 0 0 ,First,#,D:\impact_gis\attendance_boundaries_1011\attendance_boundaries_1011.gdb\HIGH_FINAL,SCHOOLID,-1,-1;FACILITYID 'FACILITYID' true true false 50 Text 0 0 ,First,#,D:\impact_gis\attendance_boundaries_1011\attendance_boundaries_1011.gdb\HIGH_FINAL,FACILITYID,-1,-1;HIGH_UNITN 'HIGH_UNITN' true true false 4 Long 0 0 ,First,#,D:\impact_gis\attendance_boundaries_1011\attendance_boundaries_1011.gdb\HIGH_FINAL,HIGH_UNITN,-1,-1" # D:\impact_gis\attendance_boundaries_1011\attendance_boundaries_1011.gdb\attendance\HIGH_FINAL2</Process><Process ToolSource="C:\Program Files\ArcGIS\ArcToolbox\Toolboxes\Conversion Tools.tbx\FeatureClassToFeatureClass" Date="20100608" Time="155727">FeatureClassToFeatureClass D:\impact_gis\attendance_boundaries_1011\attendance_boundaries_1011.gdb\attendance\HIGH_FINAL "Database Connections\co-gis04 gis login.sde" High_School_Attendance_1011 # "UNITC 'UNITC' true true false 4 Text 0 0 ,First,#,D:\impact_gis\attendance_boundaries_1011\attendance_boundaries_1011.gdb\attendance\HIGH_FINAL,UNITC,-1,-1;UNITN 'UNITN' true true false 2 Short 0 0 ,First,#,D:\impact_gis\attendance_boundaries_1011\attendance_boundaries_1011.gdb\attendance\HIGH_FINAL,UNITN,-1,-1;S_BNDRY 'S_BNDRY' true true false 50 Text 0 0 ,First,#,D:\impact_gis\attendance_boundaries_1011\attendance_boundaries_1011.gdb\attendance\HIGH_FINAL,S_BNDRY,-1,-1;ADDRESS 'ADDRESS' true true false 24 Text 0 0 ,First,#,D:\impact_gis\attendance_boundaries_1011\attendance_boundaries_1011.gdb\attendance\HIGH_FINAL,ADDRESS,-1,-1;GRADES 'GRADES' true true false 50 Text 0 0 ,First,#,D:\impact_gis\attendance_boundaries_1011\attendance_boundaries_1011.gdb\attendance\HIGH_FINAL,GRADES,-1,-1;BOARD_REPO 'BOARD_REPO' true true false 25 Text 0 0 ,First,#,D:\impact_gis\attendance_boundaries_1011\attendance_boundaries_1011.gdb\attendance\HIGH_FINAL,BOARD_REPO,-1,-1;UPDATED 'UPDATED' true true false 16 Text 0 0 ,First,#,D:\impact_gis\attendance_boundaries_1011\attendance_boundaries_1011.gdb\attendance\HIGH_FINAL,UPDATED,-1,-1;EDITOR 'EDITOR' true true false 16 Text 0 0 ,First,#,D:\impact_gis\attendance_boundaries_1011\attendance_boundaries_1011.gdb\attendance\HIGH_FINAL,EDITOR,-1,-1;HIGH_UNITC 'HIGH_UNITC' true true false 10 Text 0 0 ,First,#,D:\impact_gis\attendance_boundaries_1011\attendance_boundaries_1011.gdb\attendance\HIGH_FINAL,HIGH_UNITC,-1,-1;HIGH_S_BNDRY 'HIGH_S_BNDRY' true true false 50 Text 0 0 ,First,#,D:\impact_gis\attendance_boundaries_1011\attendance_boundaries_1011.gdb\attendance\HIGH_FINAL,HIGH_S_BNDRY,-1,-1;HIGH_GRADES 'HIGH_GRADES' true true false 50 Text 0 0 ,First,#,D:\impact_gis\attendance_boundaries_1011\attendance_boundaries_1011.gdb\attendance\HIGH_FINAL,HIGH_GRADES,-1,-1;HIGH_SCHOOLID 'HIGH_SCHOOLID' true true false 6 Text 0 0 ,First,#,D:\impact_gis\attendance_boundaries_1011\attendance_boundaries_1011.gdb\attendance\HIGH_FINAL,HIGH_SCHOOLID,-1,-1;HIGH_FACILITYID 'HIGH_FACILITYID' true true false 50 Text 0 0 ,First,#,D:\impact_gis\attendance_boundaries_1011\attendance_boundaries_1011.gdb\attendance\HIGH_FINAL,HIGH_FACILITYID,-1,-1;HIGH_ADDRESS 'HIGH_ADDRESS' true true false 100 Text 0 0 ,First,#,D:\impact_gis\attendance_boundaries_1011\attendance_boundaries_1011.gdb\attendance\HIGH_FINAL,HIGH_ADDRESS,-1,-1;SCHOOLID 'SCHOOLID' true true false 6 Text 0 0 ,First,#,D:\impact_gis\attendance_boundaries_1011\attendance_boundaries_1011.gdb\attendance\HIGH_FINAL,SCHOOLID,-1,-1;FACILITYID 'FACILITYID' true true false 50 Text 0 0 ,First,#,D:\impact_gis\attendance_boundaries_1011\attendance_boundaries_1011.gdb\attendance\HIGH_FINAL,FACILITYID,-1,-1;HIGH_UNITN 'HIGH_UNITN' true true false 4 Long 0 0 ,First,#,D:\impact_gis\attendance_boundaries_1011\attendance_boundaries_1011.gdb\attendance\HIGH_FINAL,HIGH_UNITN,-1,-1;Shape_Length 'Shape_Length' false true true 8 Double 0 0 ,First,#,D:\impact_gis\attendance_boundaries_1011\attendance_boundaries_1011.gdb\attendance\HIGH_FINAL,Shape_Length,-1,-1;Shape_Area 'Shape_Area' false true true 8 Double 0 0 ,First,#,D:\impact_gis\attendance_boundaries_1011\attendance_boundaries_1011.gdb\attendance\HIGH_FINAL,Shape_Area,-1,-1" # "Database Connections\co-gis04 gis login.sde\GIS.High_School_Attendance_1011"</Process><Process ToolSource="C:\Program Files\ArcGIS\ArcToolbox\Toolboxes\Data Management Tools.tbx\CopyFeatures" Date="20110713" Time="103847">CopyFeatures "Database Connections\Connection to co-gis04.sde\GIS.High_School_Attendance" "C:\Documents and Settings\wharris4\My Documents\boundary redo.mdb\Boundaries\GIS_High_School_Attendance" # 0 0 0</Process><Process ToolSource="C:\Program Files\ArcGIS\ArcToolbox\Toolboxes\Conversion Tools.tbx\FeatureClassToFeatureClass" Date="20110713" Time="114112">FeatureClassToFeatureClass "C:\Documents and Settings\wharris4\My Documents\boundary redo.mdb\Boundaries\GIS_High_School_Attendance" "Database Connections\Connection to co-gis04.sde" High_School_Attendance1 # "UNITC 'UNITC' true true false 4 Text 0 0 ,First,#,C:\Documents and Settings\wharris4\My Documents\boundary redo.mdb\Boundaries\GIS_High_School_Attendance,UNITC,-1,-1;UNITN 'UNITN' true true false 2 Short 0 0 ,First,#,C:\Documents and Settings\wharris4\My Documents\boundary redo.mdb\Boundaries\GIS_High_School_Attendance,UNITN,-1,-1;S_BNDRY 'S_BNDRY' true true false 50 Text 0 0 ,First,#,C:\Documents and Settings\wharris4\My Documents\boundary redo.mdb\Boundaries\GIS_High_School_Attendance,S_BNDRY,-1,-1;ADDRESS 'ADDRESS' true true false 24 Text 0 0 ,First,#,C:\Documents and Settings\wharris4\My Documents\boundary redo.mdb\Boundaries\GIS_High_School_Attendance,ADDRESS,-1,-1;GRADES 'GRADES' true true false 50 Text 0 0 ,First,#,C:\Documents and Settings\wharris4\My Documents\boundary redo.mdb\Boundaries\GIS_High_School_Attendance,GRADES,-1,-1;BOARD_REPO 'BOARD_REPO' true true false 25 Text 0 0 ,First,#,C:\Documents and Settings\wharris4\My Documents\boundary redo.mdb\Boundaries\GIS_High_School_Attendance,BOARD_REPO,-1,-1;UPDATED 'UPDATED' true true false 16 Text 0 0 ,First,#,C:\Documents and Settings\wharris4\My Documents\boundary redo.mdb\Boundaries\GIS_High_School_Attendance,UPDATED,-1,-1;EDITOR 'EDITOR' true true false 16 Text 0 0 ,First,#,C:\Documents and Settings\wharris4\My Documents\boundary redo.mdb\Boundaries\GIS_High_School_Attendance,EDITOR,-1,-1;HIGH_UNITC 'HIGH_UNITC' true true false 10 Text 0 0 ,First,#,C:\Documents and Settings\wharris4\My Documents\boundary redo.mdb\Boundaries\GIS_High_School_Attendance,HIGH_UNITC,-1,-1;HIGH_S_BNDRY 'HIGH_S_BNDRY' true true false 50 Text 0 0 ,First,#,C:\Documents and Settings\wharris4\My Documents\boundary redo.mdb\Boundaries\GIS_High_School_Attendance,HIGH_S_BNDRY,-1,-1;HIGH_GRADES 'HIGH_GRADES' true true false 50 Text 0 0 ,First,#,C:\Documents and Settings\wharris4\My Documents\boundary redo.mdb\Boundaries\GIS_High_School_Attendance,HIGH_GRADES,-1,-1;HIGH_SCHOOLID 'HIGH_SCHOOLID' true true false 6 Text 0 0 ,First,#,C:\Documents and Settings\wharris4\My Documents\boundary redo.mdb\Boundaries\GIS_High_School_Attendance,HIGH_SCHOOLID,-1,-1;HIGH_FACILITYID 'HIGH_FACILITYID' true true false 50 Text 0 0 ,First,#,C:\Documents and Settings\wharris4\My Documents\boundary redo.mdb\Boundaries\GIS_High_School_Attendance,HIGH_FACILITYID,-1,-1;HIGH_ADDRESS 'HIGH_ADDRESS' true true false 100 Text 0 0 ,First,#,C:\Documents and Settings\wharris4\My Documents\boundary redo.mdb\Boundaries\GIS_High_School_Attendance,HIGH_ADDRESS,-1,-1;SCHOOLID 'SCHOOLID' true true false 6 Text 0 0 ,First,#,C:\Documents and Settings\wharris4\My Documents\boundary redo.mdb\Boundaries\GIS_High_School_Attendance,SCHOOLID,-1,-1;FACILITYID 'FACILITYID' true true false 50 Text 0 0 ,First,#,C:\Documents and Settings\wharris4\My Documents\boundary redo.mdb\Boundaries\GIS_High_School_Attendance,FACILITYID,-1,-1;HIGH_UNITN 'HIGH_UNITN' true true false 4 Long 0 0 ,First,#,C:\Documents and Settings\wharris4\My Documents\boundary redo.mdb\Boundaries\GIS_High_School_Attendance,HIGH_UNITN,-1,-1;SHAPE_Length 'SHAPE_Length' false true true 8 Double 0 0 ,First,#,C:\Documents and Settings\wharris4\My Documents\boundary redo.mdb\Boundaries\GIS_High_School_Attendance,SHAPE_Length,-1,-1;SHAPE_Area 'SHAPE_Area' false true true 8 Double 0 0 ,First,#,C:\Documents and Settings\wharris4\My Documents\boundary redo.mdb\Boundaries\GIS_High_School_Attendance,SHAPE_Area,-1,-1" # "Database Connections\Connection to co-gis04.sde\GIS.High_School_Attendance1"</Process><Process ToolSource="C:\Program Files\ArcGIS\Desktop10.0\ArcToolbox\Toolboxes\Data Management Tools.tbx\CopyFeatures" Date="20110818" Time="105832">CopyFeatures "Database Connections\CPS SDE.sde\GIS.High_School_Attendance" "N:\OPSAPPS\FY 2012 File GDB.gdb\High_School_Attendance" # 0 0 0</Process><Process ToolSource="C:\Program Files\ArcGIS\Desktop10.0\ArcToolbox\Toolboxes\Data Management Tools.tbx\CopyFeatures" Date="20110819" Time="154225">CopyFeatures "N:\OPSAPPS\FY 2012 File GDB.gdb\High_School_Attendance" "Database Connections\CPS SDE.sde\GIS.High_School_Attendance_1" # 0 0 0</Process><Process ToolSource="c:\program files (x86)\arcgis\desktop10.0\ArcToolbox\Toolboxes\Data Management Tools.tbx\CopyFeatures" Date="20120329" Time="143714">CopyFeatures "Database Connections\CPS Prod.sde\GIS.High_School_Attendance" "C:\Users\wharris4\Documents\Work\2013 bounds.gdb\bounds2012\High_School_Attendance" # 0 0 0</Process><Process ToolSource="c:\program files (x86)\arcgis\desktop10.0\ArcToolbox\Toolboxes\Data Management Tools.tbx\Merge" Date="20120619" Time="152201">Merge 'C:\Users\wharris4\Documents\Work\2013 bounds.gdb\bounds2012\High_School_Attendance';'C:\Users\wharris4\Documents\Work\2013 bounds.gdb\bounds2012\High_School_Attendance2' "C:\Users\wharris4\Documents\Work\2013 bounds.gdb\bounds2012\High_School_Attendance_Merge" "UNITC "UNITC" true true false 4 Text 0 0 ,First,#,C:\Users\wharris4\Documents\Work\2013 bounds.gdb\bounds2012\High_School_Attendance,UNITC,-1,-1,C:\Users\wharris4\Documents\Work\2013 bounds.gdb\bounds2012\High_School_Attendance2,UNITC,-1,-1;UNITN "UNITN" true true false 2 Short 0 0 ,First,#,C:\Users\wharris4\Documents\Work\2013 bounds.gdb\bounds2012\High_School_Attendance,UNITN,-1,-1,C:\Users\wharris4\Documents\Work\2013 bounds.gdb\bounds2012\High_School_Attendance2,UNITN,-1,-1;S_BNDRY "S_BNDRY" true true false 50 Text 0 0 ,First,#,C:\Users\wharris4\Documents\Work\2013 bounds.gdb\bounds2012\High_School_Attendance,S_BNDRY,-1,-1,C:\Users\wharris4\Documents\Work\2013 bounds.gdb\bounds2012\High_School_Attendance2,S_BNDRY,-1,-1;ADDRESS "ADDRESS" true true false 24 Text 0 0 ,First,#,C:\Users\wharris4\Documents\Work\2013 bounds.gdb\bounds2012\High_School_Attendance,ADDRESS,-1,-1,C:\Users\wharris4\Documents\Work\2013 bounds.gdb\bounds2012\High_School_Attendance2,ADDRESS,-1,-1;GRADES "GRADES" true true false 50 Text 0 0 ,First,#,C:\Users\wharris4\Documents\Work\2013 bounds.gdb\bounds2012\High_School_Attendance,GRADES,-1,-1,C:\Users\wharris4\Documents\Work\2013 bounds.gdb\bounds2012\High_School_Attendance2,GRADES,-1,-1;BOARD_REPO "BOARD_REPO" true true false 25 Text 0 0 ,First,#,C:\Users\wharris4\Documents\Work\2013 bounds.gdb\bounds2012\High_School_Attendance,BOARD_REPO,-1,-1,C:\Users\wharris4\Documents\Work\2013 bounds.gdb\bounds2012\High_School_Attendance2,BOARD_REPO,-1,-1;UPDATED "UPDATED" true true false 16 Text 0 0 ,First,#,C:\Users\wharris4\Documents\Work\2013 bounds.gdb\bounds2012\High_School_Attendance,UPDATED,-1,-1,C:\Users\wharris4\Documents\Work\2013 bounds.gdb\bounds2012\High_School_Attendance2,UPDATED,-1,-1;EDITOR "EDITOR" true true false 16 Text 0 0 ,First,#,C:\Users\wharris4\Documents\Work\2013 bounds.gdb\bounds2012\High_School_Attendance,EDITOR,-1,-1,C:\Users\wharris4\Documents\Work\2013 bounds.gdb\bounds2012\High_School_Attendance2,EDITOR,-1,-1;HIGH_UNITC "HIGH_UNITC" true true false 10 Text 0 0 ,First,#,C:\Users\wharris4\Documents\Work\2013 bounds.gdb\bounds2012\High_School_Attendance,HIGH_UNITC,-1,-1,C:\Users\wharris4\Documents\Work\2013 bounds.gdb\bounds2012\High_School_Attendance2,HIGH_UNITC,-1,-1;HIGH_S_BNDRY "HIGH_S_BNDRY" true true false 50 Text 0 0 ,First,#,C:\Users\wharris4\Documents\Work\2013 bounds.gdb\bounds2012\High_School_Attendance,HIGH_S_BNDRY,-1,-1,C:\Users\wharris4\Documents\Work\2013 bounds.gdb\bounds2012\High_School_Attendance2,HIGH_S_BNDRY,-1,-1;HIGH_GRADES "HIGH_GRADES" true true false 50 Text 0 0 ,First,#,C:\Users\wharris4\Documents\Work\2013 bounds.gdb\bounds2012\High_School_Attendance,HIGH_GRADES,-1,-1,C:\Users\wharris4\Documents\Work\2013 bounds.gdb\bounds2012\High_School_Attendance2,HIGH_GRADES,-1,-1;HIGH_SCHOOLID "HIGH_SCHOOLID" true true false 6 Text 0 0 ,First,#,C:\Users\wharris4\Documents\Work\2013 bounds.gdb\bounds2012\High_School_Attendance,HIGH_SCHOOLID,-1,-1,C:\Users\wharris4\Documents\Work\2013 bounds.gdb\bounds2012\High_School_Attendance2,HIGH_SCHOOLID,-1,-1;HIGH_FACILITYID "HIGH_FACILITYID" true true false 50 Text 0 0 ,First,#,C:\Users\wharris4\Documents\Work\2013 bounds.gdb\bounds2012\High_School_Attendance,HIGH_FACILITYID,-1,-1,C:\Users\wharris4\Documents\Work\2013 bounds.gdb\bounds2012\High_School_Attendance2,HIGH_FACILITYID,-1,-1;HIGH_ADDRESS "HIGH_ADDRESS" true true false 100 Text 0 0 ,First,#,C:\Users\wharris4\Documents\Work\2013 bounds.gdb\bounds2012\High_School_Attendance,HIGH_ADDRESS,-1,-1,C:\Users\wharris4\Documents\Work\2013 bounds.gdb\bounds2012\High_School_Attendance2,HIGH_ADDRESS,-1,-1;SCHOOLID "SCHOOLID" true true false 6 Text 0 0 ,First,#,C:\Users\wharris4\Documents\Work\2013 bounds.gdb\bounds2012\High_School_Attendance,SCHOOLID,-1,-1,C:\Users\wharris4\Documents\Work\2013 bounds.gdb\bounds2012\High_School_Attendance2,SCHOOLID,-1,-1;FACILITYID "FACILITYID" true true false 50 Text 0 0 ,First,#,C:\Users\wharris4\Documents\Work\2013 bounds.gdb\bounds2012\High_School_Attendance,FACILITYID,-1,-1,C:\Users\wharris4\Documents\Work\2013 bounds.gdb\bounds2012\High_School_Attendance2,FACILITYID,-1,-1;HIGH_UNITN "HIGH_UNITN" true true false 4 Long 0 0 ,First,#,C:\Users\wharris4\Documents\Work\2013 bounds.gdb\bounds2012\High_School_Attendance,HIGH_UNITN,-1,-1,C:\Users\wharris4\Documents\Work\2013 bounds.gdb\bounds2012\High_School_Attendance2,HIGH_UNITN,-1,-1;SHAPE_Length "SHAPE_Length" false true true 8 Double 0 0 ,First,#,C:\Users\wharris4\Documents\Work\2013 bounds.gdb\bounds2012\High_School_Attendance,SHAPE_Length,-1,-1,C:\Users\wharris4\Documents\Work\2013 bounds.gdb\bounds2012\High_School_Attendance2,SHAPE_Length,-1,-1;SHAPE_Area "SHAPE_Area" false true true 8 Double 0 0 ,First,#,C:\Users\wharris4\Documents\Work\2013 bounds.gdb\bounds2012\High_School_Attendance,SHAPE_Area,-1,-1,C:\Users\wharris4\Documents\Work\2013 bounds.gdb\bounds2012\High_School_Attendance2,SHAPE_Area,-1,-1"</Process><Process ToolSource="c:\program files (x86)\arcgis\desktop10.0\ArcToolbox\Toolboxes\Data Management Tools.tbx\CopyFeatures" Date="20120730" Time="120235">CopyFeatures "C:\Users\wharris4\Documents\Work\2013 bounds.gdb\bounds2012\High_School_Attendance_Merge" "C:\Users\wharris4\Documents\Work\elem middle merge.gdb\High_School_Attendance_Merge" # 0 0 0</Process><Process ToolSource="c:\program files (x86)\arcgis\desktop10.1\ArcToolbox\Toolboxes\Data Management Tools.tbx\CopyFeatures" Date="20120927" Time="134818">CopyFeatures "S:\PublicShare\Portfolio Office\Planning and Strategy\GIS Data\13data\High_School_Attendance_2012-13.shp" "S:\PublicShare\Portfolio Office\Planning and Strategy\GIS Data\FY 2013 File GDB.gdb\High_School_Attendance_2012_13" # 0 0 0</Process><Process ToolSource="c:\program files (x86)\arcgis\desktop10.1\ArcToolbox\Toolboxes\Data Management Tools.tbx\CopyFeatures" Date="20130404" Time="114120">CopyFeatures "S:\PublicShare\Portfolio Office\Planning and Strategy\GIS Data\SADATA\SA_DATA.gdb\High_School_Attendance_2012_13" C:\Users\wharris4\Desktop\203actions.gdb\actionsds\High_School_Attendance_2012_13 # 0 0 0</Process><Process ToolSource="c:\program files (x86)\arcgis\desktop10.1\ArcToolbox\Toolboxes\Data Management Tools.tbx\JoinField" Date="20130404" Time="115236">JoinField High_School_Attendance_2012_13 SCHOOLID FutureState_Schools2 SchoolID SchoolID;SchoolName;SchoolAddr;Governance;Collaborat;Geographic;ManagedByN;CPSUnit</Process><Process ToolSource="c:\program files (x86)\arcgis\desktop10.2\ArcToolbox\Toolboxes\Data Management Tools.tbx\CopyFeatures" Date="20140507" Time="114021">CopyFeatures M:\CEO\StratPlan\database\Neededfiles1.gdb\High_School_Attendance_2012_13 C:\DATA\GIS_Master_Cleanup.gdb\AttendanceBoundaries_Master\High_School_Attendance_2012_13 # 0 0 0</Process><Process Name="Add Field" ToolSource="c:\program files (x86)\arcgis\desktop10.4\ArcToolbox\Toolboxes\Data Management Tools.tbx\AddField" Date="20160509" Time="124234">AddField High_School_Attendance_1213_TEMP UNIT_ID TEXT # # 4 # NULLABLE NON_REQUIRED #</Process><Process Name="Add Field (2)" ToolSource="c:\program files (x86)\arcgis\desktop10.4\ArcToolbox\Toolboxes\Data Management Tools.tbx\AddField" Date="20160509" Time="124235">AddField High_School_Attendance_1213_TEMP SCHOOL_ID TEXT # # 6 # NULLABLE NON_REQUIRED #</Process><Process Name="Add Field (3)" ToolSource="c:\program files (x86)\arcgis\desktop10.4\ArcToolbox\Toolboxes\Data Management Tools.tbx\AddField" Date="20160509" Time="124235">AddField High_School_Attendance_1213_TEMP SCHOOL_NM TEXT # # 50 # NULLABLE NON_REQUIRED #</Process><Process Name="Add Field (7)" ToolSource="c:\program files (x86)\arcgis\desktop10.4\ArcToolbox\Toolboxes\Data Management Tools.tbx\AddField" Date="20160509" Time="124236">AddField High_School_Attendance_1213_TEMP SCHOOL_ADDR TEXT # # 50 # NULLABLE NON_REQUIRED #</Process><Process Name="Add Field (6)" ToolSource="c:\program files (x86)\arcgis\desktop10.4\ArcToolbox\Toolboxes\Data Management Tools.tbx\AddField" Date="20160509" Time="124237">AddField High_School_Attendance_1213_TEMP GRADE_CAT TEXT # # 2 # NULLABLE NON_REQUIRED #</Process><Process Name="Add Field (5)" ToolSource="c:\program files (x86)\arcgis\desktop10.4\ArcToolbox\Toolboxes\Data Management Tools.tbx\AddField" Date="20160509" Time="124237">AddField High_School_Attendance_1213_TEMP BOUNDARYGR TEXT # # 30 # NULLABLE NON_REQUIRED #</Process><Process Name="Add Field (4)" ToolSource="c:\program files (x86)\arcgis\desktop10.4\ArcToolbox\Toolboxes\Data Management Tools.tbx\AddField" Date="20160509" Time="124238">AddField High_School_Attendance_1213_TEMP SCH_TYPE TEXT # # 25 # NULLABLE NON_REQUIRED #</Process><Process Name="Add Field (8)" ToolSource="c:\program files (x86)\arcgis\desktop10.4\ArcToolbox\Toolboxes\Data Management Tools.tbx\AddField" Date="20160509" Time="124239">AddField High_School_Attendance_1213_TEMP BRD_RPT TEXT # # 25 # NULLABLE NON_REQUIRED #</Process><Process ToolSource="c:\program files (x86)\arcgis\desktop10.4\ArcToolbox\Toolboxes\Data Management Tools.tbx\CalculateField" Date="20160509" Time="124246">CalculateField High_School_Attendance_1213_TEMP UNIT_ID [CPSUnit] VB #</Process><Process ToolSource="c:\program files (x86)\arcgis\desktop10.4\ArcToolbox\Toolboxes\Data Management Tools.tbx\CalculateField" Date="20160509" Time="124252">CalculateField High_School_Attendance_1213_TEMP SCHOOL_ID [SchoolID_1] VB #</Process><Process ToolSource="c:\program files (x86)\arcgis\desktop10.4\ArcToolbox\Toolboxes\Data Management Tools.tbx\CalculateField" Date="20160509" Time="124258">CalculateField High_School_Attendance_1213_TEMP SCHOOL_NM [SchoolName] VB #</Process><Process ToolSource="c:\program files (x86)\arcgis\desktop10.4\ArcToolbox\Toolboxes\Data Management Tools.tbx\CalculateField" Date="20160509" Time="124307">CalculateField High_School_Attendance_1213_TEMP SCHOOL_ADDR UCase( [SchoolAddr]) VB #</Process><Process ToolSource="c:\program files (x86)\arcgis\desktop10.4\ArcToolbox\Toolboxes\Data Management Tools.tbx\CalculateField" Date="20160509" Time="124320">CalculateField High_School_Attendance_1213_TEMP GRADE_CAT "HS" VB #</Process><Process ToolSource="c:\program files (x86)\arcgis\desktop10.4\ArcToolbox\Toolboxes\Data Management Tools.tbx\CalculateField" Date="20160509" Time="124342">CalculateField High_School_Attendance_1213_TEMP BOUNDARYGR [GRADES] VB #</Process><Process ToolSource="c:\program files (x86)\arcgis\desktop10.4\ArcToolbox\Toolboxes\Data Management Tools.tbx\CalculateField" Date="20160509" Time="124349">CalculateField High_School_Attendance_1213_TEMP SCH_TYPE "District, non-alternative" VB #</Process></lineage><itemProps><itemName Sync="TRUE">High_School_Attendance_1213</itemName><imsContentType Sync="TRUE">002</imsContentType><itemLocation><linkage Sync="TRUE">file://\\admin\deptdata\CEO\StratPlan\Projects2016\Adam\FOIA_Request\AttendanceBoundaries_0304_1617\High_School_Attendance_1213.shp</linkage><protocol Sync="TRUE">Local Area Network</protocol></itemLocation><itemSize Sync="TRUE">0.000</itemSize></itemProps><coordRef><type Sync="TRUE">Projected</type><geogcsn Sync="TRUE">GCS_North_American_1983</geogcsn><projcsn Sync="TRUE">NAD_1983_StatePlane_Illinois_East_FIPS_1201_Feet</projcsn><peXml Sync="TRUE">&lt;ProjectedCoordinateSystem xsi:type='typens:ProjectedCoordinateSystem' xmlns:xsi='http://www.w3.org/2001/XMLSchema-instance' xmlns:xs='http://www.w3.org/2001/XMLSchema' xmlns:typens='http://www.esri.com/schemas/ArcGIS/10.4'&gt;&lt;WKT&gt;PROJCS[&amp;quot;NAD_1983_StatePlane_Illinois_East_FIPS_1201_Feet&amp;quot;,GEOGCS[&amp;quot;GCS_North_American_1983&amp;quot;,DATUM[&amp;quot;D_North_American_1983&amp;quot;,SPHEROID[&amp;quot;GRS_1980&amp;quot;,6378137.0,298.257222101]],PRIMEM[&amp;quot;Greenwich&amp;quot;,0.0],UNIT[&amp;quot;Degree&amp;quot;,0.0174532925199433]],PROJECTION[&amp;quot;Transverse_Mercator&amp;quot;],PARAMETER[&amp;quot;False_Easting&amp;quot;,984250.0],PARAMETER[&amp;quot;False_Northing&amp;quot;,0.0],PARAMETER[&amp;quot;Central_Meridian&amp;quot;,-88.33333333333333],PARAMETER[&amp;quot;Scale_Factor&amp;quot;,0.999975],PARAMETER[&amp;quot;Latitude_Of_Origin&amp;quot;,36.66666666666666],UNIT[&amp;quot;Foot_US&amp;quot;,0.3048006096012192],AUTHORITY[&amp;quot;EPSG&amp;quot;,3435]]&lt;/WKT&gt;&lt;XOrigin&gt;-17463800&lt;/XOrigin&gt;&lt;YOrigin&gt;-46132600&lt;/YOrigin&gt;&lt;XYScale&gt;137244822.07846552&lt;/XYScale&gt;&lt;ZOrigin&gt;-100000&lt;/ZOrigin&gt;&lt;ZScale&gt;10000&lt;/ZScale&gt;&lt;MOrigin&gt;-100000&lt;/MOrigin&gt;&lt;MScale&gt;10000&lt;/MScale&gt;&lt;XYTolerance&gt;0.0032808333333333331&lt;/XYTolerance&gt;&lt;ZTolerance&gt;0.001&lt;/ZTolerance&gt;&lt;MTolerance&gt;0.001&lt;/MTolerance&gt;&lt;HighPrecision&gt;true&lt;/HighPrecision&gt;&lt;WKID&gt;102671&lt;/WKID&gt;&lt;LatestWKID&gt;3435&lt;/LatestWKID&gt;&lt;/ProjectedCoordinateSystem&gt;</peXml><csUnits Sync="TRUE">Linear Unit: Foot_US (0.304801)</csUnits></coordRef></DataProperties><SyncDate>20160602</SyncDate><SyncTime>11343400</SyncTime><ModDate>20160602</ModDate><ModTime>11343400</ModTime><ArcGISFormat>1.0</ArcGISFormat></Esri><idinfo><native Sync="TRUE">Microsoft Windows XP Version 5.1 (Build 2600) Service Pack 3; ESRI ArcCatalog 9.3.1.3000</native><descript><langdata Sync="TRUE">en</langdata><abstract>REQUIRED: A brief narrative summary of the data set.</abstract><purpose>REQUIRED: A summary of the intentions with which the data set was developed.</purpose></descript><citation><citeinfo><origin>REQUIRED: The name of an organization or individual that developed the data set.</origin><pubdate>REQUIRED: The date when the data set is published or otherwise made available for release.</pubdate><title Sync="TRUE">GIS.High_School_Attendance1</title><ftname Sync="TRUE">GIS.High_School_Attendance1</ftname><geoform Sync="TRUE">vector digital data</geoform><onlink Sync="TRUE">Server=co-gis04; Service=5151; User=gis; Version=SDE.DEFAULT</onlink></citeinfo></citation><timeperd><current>REQUIRED: The basis on which the time period of content information is determined.</current><timeinfo><sngdate><caldate>REQUIRED: The year (and optionally month, or month and day) for which the data set corresponds to the ground.</caldate></sngdate></timeinfo></timeperd><status><progress>REQUIRED: The state of the data set.</progress><update>REQUIRED: The frequency with which changes and additions are made to the data set after the initial data set is completed.</update></status><spdom><bounding><westbc Sync="TRUE">-87.864419</westbc><eastbc Sync="TRUE">-87.520184</eastbc><northbc Sync="TRUE">42.023946</northbc><southbc Sync="TRUE">41.643972</southbc></bounding><lboundng><leftbc Sync="TRUE">1112411.409969</leftbc><rightbc Sync="TRUE">1205198.850055</rightbc><bottombc Sync="TRUE">1813891.890154</bottombc><topbc Sync="TRUE">1951669.020051</topbc></lboundng></spdom><keywords><theme><themekt>REQUIRED: Reference to a formally registered thesaurus or a similar authoritative source of theme keywords.</themekt><themekey>REQUIRED: Common-use word or phrase used to describe the subject of the data set.</themekey></theme></keywords><accconst>REQUIRED: Restrictions and legal prerequisites for accessing the data set.</accconst><useconst>REQUIRED: Restrictions and legal prerequisites for using the data set after access is granted.</useconst><natvform Sync="TRUE">SDE Feature Class</natvform></idinfo><dataIdInfo><envirDesc Sync="TRUE">Microsoft Windows 7 Version 6.1 (Build 7601) Service Pack 1; Esri ArcGIS 10.4.0.5524</envirDesc><dataLang><languageCode Sync="TRUE" value="eng" country="USA"></languageCode><countryCode value="USA" Sync="TRUE"></countryCode></dataLang><idCitation><resTitle Sync="TRUE">High_School_Attendance_1213</resTitle><presForm><PresFormCd Sync="TRUE" value="005"></PresFormCd></presForm></idCitation><spatRpType><SpatRepTypCd Sync="TRUE" value="001"></SpatRepTypCd></spatRpType><dataExt><geoEle><GeoBndBox esriExtentType="native"><westBL Sync="TRUE">1112411.409969</westBL><eastBL Sync="TRUE">1205198.850055</eastBL><northBL Sync="TRUE">1951669.020051</northBL><southBL Sync="TRUE">1813891.890154</southBL><exTypeCode Sync="TRUE">1</exTypeCode></GeoBndBox></geoEle></dataExt><geoBox esriExtentType="decdegrees"><westBL Sync="TRUE">-87.864419</westBL><eastBL Sync="TRUE">-87.520184</eastBL><northBL Sync="TRUE">42.023946</northBL><southBL Sync="TRUE">41.643972</southBL><exTypeCode Sync="TRUE">1</exTypeCode></geoBox><descKeys><thesaName uuidref="723f6998-058e-11dc-8314-0800200c9a66"></thesaName><keyword Sync="TRUE">002</keyword></descKeys></dataIdInfo><metainfo><langmeta Sync="TRUE">en</langmeta><metstdn Sync="TRUE">FGDC Content Standards for Digital Geospatial Metadata</metstdn><metstdv Sync="TRUE">FGDC-STD-001-1998</metstdv><mettc Sync="TRUE">local time</mettc><metc><cntinfo><cntorgp><cntper>REQUIRED: The person responsible for the metadata information.</cntper><cntorg>REQUIRED: The organization responsible for the metadata information.</cntorg></cntorgp><cntaddr><addrtype>REQUIRED: The mailing and/or physical address for the organization or individual.</addrtype><city>REQUIRED: The city of the address.</city><state>REQUIRED: The state or province of the address.</state><postal>REQUIRED: The ZIP or other postal code of the address.</postal></cntaddr><cntvoice>REQUIRED: The telephone number by which individuals can speak to the organization or individual.</cntvoice></cntinfo></metc><metd Sync="TRUE">20110713</metd></metainfo><mdLang><languageCode Sync="TRUE" value="eng"></languageCode><countryCode value="USA" Sync="TRUE"></countryCode></mdLang><mdStanName Sync="TRUE">ISO 19115 Geographic Information - Metadata</mdStanName><mdStanVer Sync="TRUE">DIS_ESRI1.0</mdStanVer><mdChar><CharSetCd Sync="TRUE" value="004"></CharSetCd></mdChar><mdHrLv><ScopeCd Sync="TRUE" value="005"></ScopeCd></mdHrLv><mdHrLvName Sync="TRUE">dataset</mdHrLvName><distinfo><resdesc Sync="TRUE">Downloadable Data</resdesc></distinfo><distInfo><distributor><distorTran><onLineSrc><orDesc Sync="TRUE">002</orDesc><linkage Sync="TRUE">Server=co-gis04; Service=5151; User=gis; Version=SDE.DEFAULT</linkage><protocol Sync="TRUE">ArcSDE Connection</protocol></onLineSrc></distorTran><distorFormat><formatName Sync="TRUE">SDE Feature Class</formatName></distorFormat></distributor><distFormat><formatName Sync="TRUE">Shapefile</formatName></distFormat><distTranOps><transSize Sync="TRUE">0.000</transSize></distTranOps></distInfo><spdoinfo><direct Sync="TRUE">Vector</direct><ptvctinf><esriterm Name="High_School_Attendance_1213"><efeatyp Sync="TRUE">Simple</efeatyp><efeageom code="4" Sync="TRUE"></efeageom><esritopo Sync="TRUE">FALSE</esritopo><efeacnt Sync="TRUE">0</efeacnt><spindex Sync="TRUE">FALSE</spindex><linrefer Sync="TRUE">FALSE</linrefer></esriterm></ptvctinf></spdoinfo><spref><horizsys><cordsysn><geogcsn Sync="TRUE">GCS_North_American_1983</geogcsn><projcsn Sync="TRUE">NAD_1983_StatePlane_Illinois_East_FIPS_1201_Feet</projcsn></cordsysn><planar><planci><plance Sync="TRUE">coordinate pair</plance><plandu Sync="TRUE">survey feet</plandu><coordrep><absres Sync="TRUE">0.000067</absres><ordres Sync="TRUE">0.000067</ordres></coordrep></planci></planar><geodetic><horizdn Sync="TRUE">North American Datum of 1983</horizdn><ellips Sync="TRUE">Geodetic Reference System 80</ellips><semiaxis Sync="TRUE">6378137.000000</semiaxis><denflat Sync="TRUE">298.257222</denflat></geodetic></horizsys><vertdef><altsys><altenc Sync="TRUE">Explicit elevation coordinate included with horizontal coordinates</altenc><altres Sync="TRUE">1.000000</altres></altsys></vertdef></spref><refSysInfo><RefSystem><refSysID><identCode Sync="TRUE" code="3435" value="3435">NAD_1983_StatePlane_Illinois_East_FIPS_1201_Feet</identCode><idCodeSpace Sync="TRUE">EPSG</idCodeSpace><idVersion Sync="TRUE">6.12(9.3.0.0)</idVersion></refSysID></RefSystem></refSysInfo><spatRepInfo><VectSpatRep><geometObjs Name="High_School_Attendance_1213"><geoObjTyp><GeoObjTypCd value="002" Sync="TRUE"></GeoObjTypCd></geoObjTyp><geoObjCnt Sync="TRUE">0</geoObjCnt></geometObjs><topLvl><TopoLevCd value="001" Sync="TRUE"></TopoLevCd></topLvl></VectSpatRep></spatRepInfo><eainfo><detailed Name="High_School_Attendance_1213"><enttyp><enttypl Sync="TRUE">High_School_Attendance_1213</enttypl><enttypt Sync="TRUE">Feature Class</enttypt><enttypc Sync="TRUE">0</enttypc></enttyp><attr><attrlabl Sync="TRUE">FID</attrlabl><attalias Sync="TRUE">FID</attalias><attrtype Sync="TRUE">OID</attrtype><attwidth Sync="TRUE">4</attwidth><atprecis Sync="TRUE">0</atprecis><attscale Sync="TRUE">0</attscale><attrdef Sync="TRUE">Internal feature number.</attrdef><attrdefs Sync="TRUE">Esri</attrdefs><attrdomv><udom Sync="TRUE">Sequential unique whole numbers that are automatically generated.</udom></attrdomv></attr><attr><attrlabl Sync="TRUE">SHAPE</attrlabl><attalias Sync="TRUE">Shape</attalias><attrtype Sync="TRUE">Geometry</attrtype><attwidth Sync="TRUE">0</attwidth><atprecis Sync="TRUE">0</atprecis><attscale Sync="TRUE">0</attscale><attrdef Sync="TRUE">Feature geometry.</attrdef><attrdefs Sync="TRUE">ESRI</attrdefs><attrdomv><udom Sync="TRUE">Coordinates defining the features.</udom></attrdomv></attr><attr><attrlabl Sync="TRUE">UNIT_ID</attrlabl><attalias Sync="TRUE">UNIT_ID</attalias><attrtype Sync="TRUE">String</attrtype><attwidth Sync="TRUE">4</attwidth><atprecis Sync="TRUE">0</atprecis><attscale Sync="TRUE">0</attscale></attr><attr><attrlabl Sync="TRUE">SCHOOL_ID</attrlabl><attalias Sync="TRUE">SCHOOL_ID</attalias><attrtype Sync="TRUE">String</attrtype><attwidth Sync="TRUE">6</attwidth><atprecis Sync="TRUE">0</atprecis><attscale Sync="TRUE">0</attscale></attr><attr><attrlabl Sync="TRUE">SCHOOL_NM</attrlabl><attalias Sync="TRUE">SCHOOL_NM</attalias><attrtype Sync="TRUE">String</attrtype><attwidth Sync="TRUE">50</attwidth><atprecis Sync="TRUE">0</atprecis><attscale Sync="TRUE">0</attscale></attr><attr><attrlabl Sync="TRUE">SCHOOL_ADD</attrlabl><attalias Sync="TRUE">SCHOOL_ADD</attalias><attrtype Sync="TRUE">String</attrtype><attwidth Sync="TRUE">50</attwidth><atprecis Sync="TRUE">0</atprecis><attscale Sync="TRUE">0</attscale></attr><attr><attrlabl Sync="TRUE">GRADE_CAT</attrlabl><attalias Sync="TRUE">GRADE_CAT</attalias><attrtype Sync="TRUE">String</attrtype><attwidth Sync="TRUE">2</attwidth><atprecis Sync="TRUE">0</atprecis><attscale Sync="TRUE">0</attscale></attr><attr><attrlabl Sync="TRUE">BOUNDARYGR</attrlabl><attalias Sync="TRUE">BOUNDARYGR</attalias><attrtype Sync="TRUE">String</attrtype><attwidth Sync="TRUE">30</attwidth><atprecis Sync="TRUE">0</atprecis><attscale Sync="TRUE">0</attscale></attr><attr><attrlabl Sync="TRUE">SCH_TYPE</attrlabl><attalias Sync="TRUE">SCH_TYPE</attalias><attrtype Sync="TRUE">String</attrtype><attwidth Sync="TRUE">25</attwidth><atprecis Sync="TRUE">0</atprecis><attscale Sync="TRUE">0</attscale></attr><attr><attrlabl Sync="TRUE">BRD_RPT</attrlabl><attalias Sync="TRUE">BRD_RPT</attalias><attrtype Sync="TRUE">String</attrtype><attwidth Sync="TRUE">25</attwidth><atprecis Sync="TRUE">0</atprecis><attscale Sync="TRUE">0</attscale></attr><attr><attrlabl Sync="TRUE">Shape_Leng</attrlabl><attalias Sync="TRUE">Shape_Leng</attalias><attrtype Sync="TRUE">Double</attrtype><attwidth Sync="TRUE">19</attwidth><atprecis Sync="TRUE">0</atprecis><attscale Sync="TRUE">0</attscale></attr><attr><attrlabl Sync="TRUE">SHAPE_Area</attrlabl><attalias Sync="TRUE">Shape_Area</attalias><attrtype Sync="TRUE">Double</attrtype><attwidth Sync="TRUE">19</attwidth><atprecis Sync="TRUE">0</atprecis><attscale Sync="TRUE">0</attscale><attrdef Sync="TRUE">Area of feature in internal units squared.</attrdef><attrdefs Sync="TRUE">ESRI</attrdefs><attrdomv><udom Sync="TRUE">Positive real numbers that are automatically generated.</udom></attrdomv></attr></detailed></eainfo><mdDateSt Sync="TRUE">20160602</mdDateSt><dataqual><lineage><procstep><procdesc Sync="TRUE">Dataset copied.</procdesc><srcused Sync="TRUE">\\admin\StratPlan$\OPSAPPS\FY 2009 File GDB.gdb</srcused><procdate Sync="TRUE">20090127</procdate><proctime Sync="TRUE">11495400</proctime></procstep><procstep><procdesc Sync="TRUE">Dataset copied.</procdesc><srcused Sync="TRUE">\\admin\StratPlan$\OPSAPPS\FY 2010 File GDB.gdb</srcused><procdate Sync="TRUE">20091009</procdate><proctime Sync="TRUE">12380500</proctime></procstep><procstep><procdesc Sync="TRUE">Dataset copied.</procdesc><srcused Sync="TRUE">\\admin\StratPlan$\OPSAPPS\FY 2010 File GDB.gdb</srcused><procdate Sync="TRUE">20100414</procdate><proctime Sync="TRUE">15100100</proctime></procstep><procstep><procdesc Sync="TRUE">Dataset copied.</procdesc><srcused Sync="TRUE">\\CO-GIS03\D$\impact_gis\attendance_boundaries_1011\attendance_boundaries_1011.gdb</srcused><procdate Sync="TRUE">20100425</procdate><proctime Sync="TRUE">16263100</proctime></procstep></lineage></dataqual></metadata>
