<metadata xml:lang="en"><Esri><MetaID>{9D083BCB-6057-4D51-892F-D233A20044A2}</MetaID><CreaDate>20080524</CreaDate><CreaTime>22072300</CreaTime><SyncOnce>FALSE</SyncOnce><SyncDate>20160602</SyncDate><SyncTime>11335600</SyncTime><ModDate>20160602</ModDate><ModTime>11335600</ModTime><DataProperties><lineage><Process Name="FeatureClassToFeatureClass_2" ToolSource="C:\Program Files\ArcGIS\ArcToolbox\Toolboxes\Conversion Tools.tbx\FeatureClassToFeatureClass" Date="20080524" Time="220724">FeatureClassToFeatureClass "C:\Documents and Settings\tschuble\Desktop\0809 files official\0809 files official.mdb\High_School_Attendance_20082" "Database Connections\co-gis06_gislogin.sde" High_School_Attendance # "UNITC UNITC true true false 4 Text 0 0 ,First,#,C:\Documents and Settings\tschuble\Desktop\0809 files official\0809 files official.mdb\High_School_Attendance_20082,UNITC,-1,-1;UNITN UNITN true true false 2 Short 0 0 ,First,#,C:\Documents and Settings\tschuble\Desktop\0809 files official\0809 files official.mdb\High_School_Attendance_20082,UNITN,-1,-1;S_BNDRY S_BNDRY true true false 50 Text 0 0 ,First,#,C:\Documents and Settings\tschuble\Desktop\0809 files official\0809 files official.mdb\High_School_Attendance_20082,S_BNDRY,-1,-1;ADDRESS ADDRESS true true false 24 Text 0 0 ,First,#,C:\Documents and Settings\tschuble\Desktop\0809 files official\0809 files official.mdb\High_School_Attendance_20082,ADDRESS,-1,-1;GRADES GRADES true true false 50 Text 0 0 ,First,#,C:\Documents and Settings\tschuble\Desktop\0809 files official\0809 files official.mdb\High_School_Attendance_20082,GRADES,-1,-1;BOARD_REPO BOARD_REPO true true false 25 Text 0 0 ,First,#,C:\Documents and Settings\tschuble\Desktop\0809 files official\0809 files official.mdb\High_School_Attendance_20082,BOARD_REPO,-1,-1;UPDATED UPDATED true true false 16 Text 0 0 ,First,#,C:\Documents and Settings\tschuble\Desktop\0809 files official\0809 files official.mdb\High_School_Attendance_20082,UPDATED,-1,-1;EDITOR EDITOR true true false 16 Text 0 0 ,First,#,C:\Documents and Settings\tschuble\Desktop\0809 files official\0809 files official.mdb\High_School_Attendance_20082,EDITOR,-1,-1;HIGH_UNITC HIGH_UNITC true true false 10 Text 0 0 ,First,#,C:\Documents and Settings\tschuble\Desktop\0809 files official\0809 files official.mdb\High_School_Attendance_20082,HIGH_UNITC,-1,-1;HIGH_S_BNDRY HIGH_S_BNDRY true true false 50 Text 0 0 ,First,#,C:\Documents and Settings\tschuble\Desktop\0809 files official\0809 files official.mdb\High_School_Attendance_20082,HIGH_S_BNDRY,-1,-1;HIGH_GRADES HIGH_GRADES true true false 50 Text 0 0 ,First,#,C:\Documents and Settings\tschuble\Desktop\0809 files official\0809 files official.mdb\High_School_Attendance_20082,HIGH_GRADES,-1,-1;SCHOOLID SCHOOLID true true false 50 Text 0 0 ,First,#,C:\Documents and Settings\tschuble\Desktop\0809 files official\0809 files official.mdb\High_School_Attendance_20082,SCHOOLID,-1,-1;FACILITYID FACILITYID true true false 5 Text 0 0 ,First,#,C:\Documents and Settings\tschuble\Desktop\0809 files official\0809 files official.mdb\High_School_Attendance_20082,FACILITYID,-1,-1;SHAPE_Length SHAPE_Length false true true 8 Double 0 0 ,First,#,C:\Documents and Settings\tschuble\Desktop\0809 files official\0809 files official.mdb\High_School_Attendance_20082,SHAPE_Length,-1,-1;SHAPE_Area SHAPE_Area false true true 8 Double 0 0 ,First,#,C:\Documents and Settings\tschuble\Desktop\0809 files official\0809 files official.mdb\High_School_Attendance_20082,SHAPE_Area,-1,-1;HIGH_UNITN HIGH_UNITN true true false 4 Long 0 0 ,First,#,C:\Documents and Settings\tschuble\Desktop\0809 files official\0809 files official.mdb\High_School_Attendance_20082,HIGH_UNITN,-1,-1;HIGH_SCHOOLID HIGH_SCHOOLID true true false 6 Text 0 0 ,First,#,C:\Documents and Settings\tschuble\Desktop\0809 files official\0809 files official.mdb\High_School_Attendance_20082,HIGH_SCHOOLID,-1,-1;HIGH_FACILITYID HIGH_FACILITYID true true false 5 Text 0 0 ,First,#,C:\Documents and Settings\tschuble\Desktop\0809 files official\0809 files official.mdb\High_School_Attendance_20082,HIGH_FACILITYID,-1,-1" # "Database Connections\co-gis06_gislogin.sde\GIS.High_School_Attendance"</Process><Process Name="FeatureClassToFeatureClass_2" ToolSource="C:\Program Files\ArcGIS\ArcToolbox\Toolboxes\Conversion Tools.tbx\FeatureClassToFeatureClass" Date="20080525" Time="150152">FeatureClassToFeatureClass "Database Connections\co-gis06_gislogin.sde\GIS.High_School_Attendance" "Database Connections\co-gis04_gislogin.sde" High_School_Attendance # "UNITC UNITC true true false 4 Text 0 0 ,First,#,Database Connections\co-gis06_gislogin.sde\GIS.High_School_Attendance,UNITC,-1,-1;UNITN UNITN true true false 2 Short 0 5 ,First,#,Database Connections\co-gis06_gislogin.sde\GIS.High_School_Attendance,UNITN,-1,-1;S_BNDRY S_BNDRY true true false 50 Text 0 0 ,First,#,Database Connections\co-gis06_gislogin.sde\GIS.High_School_Attendance,S_BNDRY,-1,-1;ADDRESS ADDRESS true true false 24 Text 0 0 ,First,#,Database Connections\co-gis06_gislogin.sde\GIS.High_School_Attendance,ADDRESS,-1,-1;GRADES GRADES true true false 50 Text 0 0 ,First,#,Database Connections\co-gis06_gislogin.sde\GIS.High_School_Attendance,GRADES,-1,-1;BOARD_REPO BOARD_REPO true true false 25 Text 0 0 ,First,#,Database Connections\co-gis06_gislogin.sde\GIS.High_School_Attendance,BOARD_REPO,-1,-1;UPDATED UPDATED true true false 16 Text 0 0 ,First,#,Database Connections\co-gis06_gislogin.sde\GIS.High_School_Attendance,UPDATED,-1,-1;EDITOR EDITOR true true false 16 Text 0 0 ,First,#,Database Connections\co-gis06_gislogin.sde\GIS.High_School_Attendance,EDITOR,-1,-1;HIGH_UNITC HIGH_UNITC true true false 10 Text 0 0 ,First,#,Database Connections\co-gis06_gislogin.sde\GIS.High_School_Attendance,HIGH_UNITC,-1,-1;HIGH_S_BNDRY HIGH_S_BNDRY true true false 50 Text 0 0 ,First,#,Database Connections\co-gis06_gislogin.sde\GIS.High_School_Attendance,HIGH_S_BNDRY,-1,-1;HIGH_GRADES HIGH_GRADES true true false 50 Text 0 0 ,First,#,Database Connections\co-gis06_gislogin.sde\GIS.High_School_Attendance,HIGH_GRADES,-1,-1;SCHOOLID SCHOOLID true true false 50 Text 0 0 ,First,#,Database Connections\co-gis06_gislogin.sde\GIS.High_School_Attendance,SCHOOLID,-1,-1;FACILITYID FACILITYID true true false 5 Text 0 0 ,First,#,Database Connections\co-gis06_gislogin.sde\GIS.High_School_Attendance,FACILITYID,-1,-1;HIGH_UNITN HIGH_UNITN true true false 4 Long 0 10 ,First,#,Database Connections\co-gis06_gislogin.sde\GIS.High_School_Attendance,HIGH_UNITN,-1,-1;HIGH_SCHOOLID HIGH_SCHOOLID true true false 6 Text 0 0 ,First,#,Database Connections\co-gis06_gislogin.sde\GIS.High_School_Attendance,HIGH_SCHOOLID,-1,-1;HIGH_FACILITYID HIGH_FACILITYID true true false 5 Text 0 0 ,First,#,Database Connections\co-gis06_gislogin.sde\GIS.High_School_Attendance,HIGH_FACILITYID,-1,-1;AREA AREA false false true 0 Double 0 0 ,First,#,Database Connections\co-gis06_gislogin.sde\GIS.High_School_Attendance,SHAPE.AREA,-1,-1;LEN LEN false false true 0 Double 0 0 ,First,#,Database Connections\co-gis06_gislogin.sde\GIS.High_School_Attendance,SHAPE.LEN,-1,-1" # "Database Connections\co-gis04_gislogin.sde\GIS.High_School_Attendance"</Process><Process ToolSource="C:\Program Files\ArcGIS\Desktop10.0\ArcToolbox\Toolboxes\Data Management Tools.tbx\CopyFeatures" Date="20110818" Time="105902">CopyFeatures "Database Connections\CPS SDE.sde\GIS.High_School_Attendance_0809" "N:\OPSAPPS\FY 2012 File GDB.gdb\High_School_Attendance_0809" # 0 0 0</Process><Process ToolSource="c:\program files (x86)\arcgis\desktop10.2\ArcToolbox\Toolboxes\Data Management Tools.tbx\CopyFeatures" Date="20140507" Time="114014">CopyFeatures M:\CEO\StratPlan\database\Neededfiles1.gdb\High_School_Attendance_0809 C:\DATA\GIS_Master_Cleanup.gdb\AttendanceBoundaries_Master\High_School_Attendance_0809 # 0 0 0</Process><Process Name="Add Field" ToolSource="c:\program files (x86)\arcgis\desktop10.4\ArcToolbox\Toolboxes\Data Management Tools.tbx\AddField" Date="20160509" Time="122538">AddField High_School_Attendance_0809_TEMP UNIT_ID TEXT # # 4 # NULLABLE NON_REQUIRED #</Process><Process Name="Add Field (2)" ToolSource="c:\program files (x86)\arcgis\desktop10.4\ArcToolbox\Toolboxes\Data Management Tools.tbx\AddField" Date="20160509" Time="122539">AddField High_School_Attendance_0809_TEMP SCHOOL_ID TEXT # # 6 # NULLABLE NON_REQUIRED #</Process><Process Name="Add Field (3)" ToolSource="c:\program files (x86)\arcgis\desktop10.4\ArcToolbox\Toolboxes\Data Management Tools.tbx\AddField" Date="20160509" Time="122539">AddField High_School_Attendance_0809_TEMP SCHOOL_NM TEXT # # 50 # NULLABLE NON_REQUIRED #</Process><Process Name="Add Field (7)" ToolSource="c:\program files (x86)\arcgis\desktop10.4\ArcToolbox\Toolboxes\Data Management Tools.tbx\AddField" Date="20160509" Time="122540">AddField High_School_Attendance_0809_TEMP SCHOOL_ADDR TEXT # # 50 # NULLABLE NON_REQUIRED #</Process><Process Name="Add Field (6)" ToolSource="c:\program files (x86)\arcgis\desktop10.4\ArcToolbox\Toolboxes\Data Management Tools.tbx\AddField" Date="20160509" Time="122541">AddField High_School_Attendance_0809_TEMP GRADE_CAT TEXT # # 2 # NULLABLE NON_REQUIRED #</Process><Process Name="Add Field (5)" ToolSource="c:\program files (x86)\arcgis\desktop10.4\ArcToolbox\Toolboxes\Data Management Tools.tbx\AddField" Date="20160509" Time="122541">AddField High_School_Attendance_0809_TEMP BOUNDARYGR TEXT # # 30 # NULLABLE NON_REQUIRED #</Process><Process Name="Add Field (4)" ToolSource="c:\program files (x86)\arcgis\desktop10.4\ArcToolbox\Toolboxes\Data Management Tools.tbx\AddField" Date="20160509" Time="122542">AddField High_School_Attendance_0809_TEMP SCH_TYPE TEXT # # 25 # NULLABLE NON_REQUIRED #</Process><Process Name="Add Field (8)" ToolSource="c:\program files (x86)\arcgis\desktop10.4\ArcToolbox\Toolboxes\Data Management Tools.tbx\AddField" Date="20160509" Time="122543">AddField High_School_Attendance_0809_TEMP BRD_RPT TEXT # # 25 # NULLABLE NON_REQUIRED #</Process><Process ToolSource="c:\program files (x86)\arcgis\desktop10.4\ArcToolbox\Toolboxes\Data Management Tools.tbx\CalculateField" Date="20160509" Time="122552">CalculateField High_School_Attendance_0809_TEMP UNIT_ID [UNITC] VB #</Process><Process ToolSource="c:\program files (x86)\arcgis\desktop10.4\ArcToolbox\Toolboxes\Data Management Tools.tbx\CalculateField" Date="20160509" Time="122603">CalculateField High_School_Attendance_0809_TEMP SCHOOL_ID [SCHOOLID] VB #</Process><Process ToolSource="c:\program files (x86)\arcgis\desktop10.4\ArcToolbox\Toolboxes\Data Management Tools.tbx\CalculateField" Date="20160509" Time="122643">CalculateField High_School_Attendance_0809_TEMP SCHOOL_NM UCase( [S_BNDRY]) VB #</Process><Process ToolSource="c:\program files (x86)\arcgis\desktop10.4\ArcToolbox\Toolboxes\Data Management Tools.tbx\CalculateField" Date="20160509" Time="122652">CalculateField High_School_Attendance_0809_TEMP SCHOOL_ADDR UCase( [ADDRESS] ) VB #</Process><Process ToolSource="c:\program files (x86)\arcgis\desktop10.4\ArcToolbox\Toolboxes\Data Management Tools.tbx\CalculateField" Date="20160509" Time="122700">CalculateField High_School_Attendance_0809_TEMP GRADE_CAT "HS" VB #</Process><Process ToolSource="c:\program files (x86)\arcgis\desktop10.4\ArcToolbox\Toolboxes\Data Management Tools.tbx\CalculateField" Date="20160509" Time="122706">CalculateField High_School_Attendance_0809_TEMP BOUNDARYGR [GRADES] VB #</Process><Process ToolSource="c:\program files (x86)\arcgis\desktop10.4\ArcToolbox\Toolboxes\Data Management Tools.tbx\CalculateField" Date="20160509" Time="122715">CalculateField High_School_Attendance_0809_TEMP SCH_TYPE "District, non-alternative" VB #</Process><Process ToolSource="c:\program files (x86)\arcgis\desktop10.4\ArcToolbox\Toolboxes\Data Management Tools.tbx\CalculateField" Date="20160509" Time="122724">CalculateField High_School_Attendance_0809_TEMP BRD_RPT [BOARD_REPO] VB #</Process><Process ToolSource="c:\program files (x86)\arcgis\desktop10.4\ArcToolbox\Toolboxes\Data Management Tools.tbx\CalculateField" Date="20160509" Time="122736">CalculateField High_School_Attendance_0809_TEMP BRD_RPT NULL VB #</Process></lineage><itemProps><itemName Sync="TRUE">High_School_Attendance_0809</itemName><imsContentType Sync="TRUE">002</imsContentType><itemLocation><linkage Sync="TRUE">file://\\admin\deptdata\CEO\StratPlan\Projects2016\Adam\FOIA_Request\AttendanceBoundaries_0304_1617\High_School_Attendance_0809.shp</linkage><protocol Sync="TRUE">Local Area Network</protocol></itemLocation><itemSize Sync="TRUE">0.000</itemSize></itemProps><coordRef><type Sync="TRUE">Projected</type><geogcsn Sync="TRUE">GCS_North_American_1983</geogcsn><projcsn Sync="TRUE">NAD_1983_StatePlane_Illinois_East_FIPS_1201_Feet</projcsn><peXml Sync="TRUE">&lt;ProjectedCoordinateSystem xsi:type='typens:ProjectedCoordinateSystem' xmlns:xsi='http://www.w3.org/2001/XMLSchema-instance' xmlns:xs='http://www.w3.org/2001/XMLSchema' xmlns:typens='http://www.esri.com/schemas/ArcGIS/10.4'&gt;&lt;WKT&gt;PROJCS[&amp;quot;NAD_1983_StatePlane_Illinois_East_FIPS_1201_Feet&amp;quot;,GEOGCS[&amp;quot;GCS_North_American_1983&amp;quot;,DATUM[&amp;quot;D_North_American_1983&amp;quot;,SPHEROID[&amp;quot;GRS_1980&amp;quot;,6378137.0,298.257222101]],PRIMEM[&amp;quot;Greenwich&amp;quot;,0.0],UNIT[&amp;quot;Degree&amp;quot;,0.0174532925199433]],PROJECTION[&amp;quot;Transverse_Mercator&amp;quot;],PARAMETER[&amp;quot;False_Easting&amp;quot;,984250.0],PARAMETER[&amp;quot;False_Northing&amp;quot;,0.0],PARAMETER[&amp;quot;Central_Meridian&amp;quot;,-88.33333333333333],PARAMETER[&amp;quot;Scale_Factor&amp;quot;,0.999975],PARAMETER[&amp;quot;Latitude_Of_Origin&amp;quot;,36.66666666666666],UNIT[&amp;quot;Foot_US&amp;quot;,0.3048006096012192],AUTHORITY[&amp;quot;EPSG&amp;quot;,3435]]&lt;/WKT&gt;&lt;XOrigin&gt;-17463800&lt;/XOrigin&gt;&lt;YOrigin&gt;-46132600&lt;/YOrigin&gt;&lt;XYScale&gt;137244822.07846552&lt;/XYScale&gt;&lt;ZOrigin&gt;-100000&lt;/ZOrigin&gt;&lt;ZScale&gt;10000&lt;/ZScale&gt;&lt;MOrigin&gt;-100000&lt;/MOrigin&gt;&lt;MScale&gt;10000&lt;/MScale&gt;&lt;XYTolerance&gt;0.0032808333333333331&lt;/XYTolerance&gt;&lt;ZTolerance&gt;0.001&lt;/ZTolerance&gt;&lt;MTolerance&gt;0.001&lt;/MTolerance&gt;&lt;HighPrecision&gt;true&lt;/HighPrecision&gt;&lt;WKID&gt;102671&lt;/WKID&gt;&lt;LatestWKID&gt;3435&lt;/LatestWKID&gt;&lt;/ProjectedCoordinateSystem&gt;</peXml><csUnits Sync="TRUE">Linear Unit: Foot_US (0.304801)</csUnits></coordRef></DataProperties></Esri><idinfo><native Sync="TRUE">Microsoft Windows 2000 Version 5.2 (Build 3790) Service Pack 1; ESRI ArcCatalog 9.2.5.1450</native><descript><langdata Sync="TRUE">en</langdata><abstract>REQUIRED: A brief narrative summary of the data set.</abstract><purpose>REQUIRED: A summary of the intentions with which the data set was developed.</purpose></descript><citation><citeinfo><origin>REQUIRED: The name of an organization or individual that developed the data set.</origin><pubdate>REQUIRED: The date when the data set is published or otherwise made available for release.</pubdate><title Sync="TRUE">GIS.High_School_Attendance</title><ftname Sync="TRUE">GIS.High_School_Attendance</ftname><geoform Sync="TRUE">vector digital data</geoform><onlink Sync="TRUE">Server=co-gis04.cps.k12.il.us; Service=5151; User=gis; Version=SDE.DEFAULT</onlink></citeinfo></citation><timeperd><current>REQUIRED: The basis on which the time period of content information is determined.</current><timeinfo><sngdate><caldate>REQUIRED: The year (and optionally month, or month and day) for which the data set corresponds to the ground.</caldate></sngdate></timeinfo></timeperd><status><progress>REQUIRED: The state of the data set.</progress><update>REQUIRED: The frequency with which changes and additions are made to the data set after the initial data set is completed.</update></status><spdom><bounding><westbc Sync="TRUE">REQUIRED: Western-most coordinate of the limit of coverage expressed in longitude.</westbc><eastbc Sync="TRUE">REQUIRED: Eastern-most coordinate of the limit of coverage expressed in longitude.</eastbc><northbc Sync="TRUE">REQUIRED: Northern-most coordinate of the limit of coverage expressed in latitude.</northbc><southbc Sync="TRUE">REQUIRED: Southern-most coordinate of the limit of coverage expressed in latitude.</southbc></bounding></spdom><keywords><theme><themekt>REQUIRED: Reference to a formally registered thesaurus or a similar authoritative source of theme keywords.</themekt><themekey>REQUIRED: Common-use word or phrase used to describe the subject of the data set.</themekey></theme></keywords><accconst>REQUIRED: Restrictions and legal prerequisites for accessing the data set.</accconst><useconst>REQUIRED: Restrictions and legal prerequisites for using the data set after access is granted.</useconst><natvform Sync="TRUE">SDE Feature Class</natvform></idinfo><dataIdInfo><envirDesc Sync="TRUE">Microsoft Windows 7 Version 6.1 (Build 7601) Service Pack 1; Esri ArcGIS 10.4.0.5524</envirDesc><dataLang><languageCode Sync="TRUE" value="eng" country="USA"></languageCode><countryCode value="USA" Sync="TRUE"></countryCode></dataLang><idCitation><resTitle Sync="TRUE">High_School_Attendance_0809</resTitle><presForm><PresFormCd Sync="TRUE" value="005"></PresFormCd></presForm></idCitation><spatRpType><SpatRepTypCd Sync="TRUE" value="001"></SpatRepTypCd></spatRpType><descKeys><thesaName uuidref="723f6998-058e-11dc-8314-0800200c9a66"></thesaName><keyword Sync="TRUE">002</keyword></descKeys></dataIdInfo><metainfo><langmeta Sync="TRUE">en</langmeta><metstdn Sync="TRUE">FGDC Content Standards for Digital Geospatial Metadata</metstdn><metstdv Sync="TRUE">FGDC-STD-001-1998</metstdv><mettc Sync="TRUE">local time</mettc><metc><cntinfo><cntorgp><cntper>REQUIRED: The person responsible for the metadata information.</cntper><cntorg>REQUIRED: The organization responsible for the metadata information.</cntorg></cntorgp><cntaddr><addrtype>REQUIRED: The mailing and/or physical address for the organization or individual.</addrtype><city>REQUIRED: The city of the address.</city><state>REQUIRED: The state or province of the address.</state><postal>REQUIRED: The ZIP or other postal code of the address.</postal></cntaddr><cntvoice>REQUIRED: The telephone number by which individuals can speak to the organization or individual.</cntvoice></cntinfo></metc><metd Sync="TRUE">20080525</metd></metainfo><mdLang><languageCode Sync="TRUE" value="eng"></languageCode><countryCode value="USA" Sync="TRUE"></countryCode></mdLang><mdStanName Sync="TRUE">ISO 19115 Geographic Information - Metadata</mdStanName><mdStanVer Sync="TRUE">DIS_ESRI1.0</mdStanVer><mdChar><CharSetCd Sync="TRUE" value="004"></CharSetCd></mdChar><mdHrLv><ScopeCd Sync="TRUE" value="005"></ScopeCd></mdHrLv><mdHrLvName Sync="TRUE">dataset</mdHrLvName><distinfo><resdesc Sync="TRUE">Downloadable Data</resdesc></distinfo><distInfo><distributor><distorTran><onLineSrc><orDesc Sync="TRUE">002</orDesc><linkage Sync="TRUE">Server=co-gis04.cps.k12.il.us; Service=5151; User=gis; Version=SDE.DEFAULT</linkage><protocol Sync="TRUE">ArcSDE Connection</protocol></onLineSrc></distorTran><distorFormat><formatName Sync="TRUE">SDE Feature Class</formatName></distorFormat></distributor><distFormat><formatName Sync="TRUE">Shapefile</formatName></distFormat><distTranOps><transSize Sync="TRUE">0.000</transSize></distTranOps></distInfo><spdoinfo><direct Sync="TRUE">Vector</direct><ptvctinf><esriterm Name="High_School_Attendance_0809"><efeatyp Sync="TRUE">Simple</efeatyp><efeageom code="4" Sync="TRUE"></efeageom><esritopo Sync="TRUE">FALSE</esritopo><efeacnt Sync="TRUE">0</efeacnt><spindex Sync="TRUE">FALSE</spindex><linrefer Sync="TRUE">FALSE</linrefer></esriterm></ptvctinf></spdoinfo><spref><horizsys><cordsysn><geogcsn Sync="TRUE">GCS_North_American_1983</geogcsn><projcsn Sync="TRUE">NAD_1983_StatePlane_Illinois_East_FIPS_1201_Feet</projcsn></cordsysn><planar><planci><plance Sync="TRUE">coordinate pair</plance><plandu Sync="TRUE">survey feet</plandu><coordrep><absres Sync="TRUE">0.000067</absres><ordres Sync="TRUE">0.000067</ordres></coordrep></planci></planar><geodetic><horizdn Sync="TRUE">North American Datum of 1983</horizdn><ellips Sync="TRUE">Geodetic Reference System 80</ellips><semiaxis Sync="TRUE">6378137.000000</semiaxis><denflat Sync="TRUE">298.257222</denflat></geodetic></horizsys><vertdef><altsys><altenc Sync="TRUE">Explicit elevation coordinate included with horizontal coordinates</altenc><altres Sync="TRUE">1.000000</altres></altsys></vertdef></spref><refSysInfo><RefSystem><refSysID><identCode Sync="TRUE" code="3435">NAD_1983_StatePlane_Illinois_East_FIPS_1201_Feet</identCode><idCodeSpace Sync="TRUE">EPSG</idCodeSpace><idVersion Sync="TRUE">6.12(9.3.0.0)</idVersion></refSysID></RefSystem></refSysInfo><spatRepInfo><VectSpatRep><geometObjs Name="High_School_Attendance_0809"><geoObjTyp><GeoObjTypCd value="002" Sync="TRUE"></GeoObjTypCd></geoObjTyp><geoObjCnt Sync="TRUE">0</geoObjCnt></geometObjs><topLvl><TopoLevCd value="001" Sync="TRUE"></TopoLevCd></topLvl></VectSpatRep></spatRepInfo><eainfo><detailed Name="High_School_Attendance_0809"><enttyp><enttypl Sync="TRUE">High_School_Attendance_0809</enttypl><enttypt Sync="TRUE">Feature Class</enttypt><enttypc Sync="TRUE">0</enttypc></enttyp><attr><attrlabl Sync="TRUE">FID</attrlabl><attalias Sync="TRUE">FID</attalias><attrtype Sync="TRUE">OID</attrtype><attwidth Sync="TRUE">4</attwidth><atprecis Sync="TRUE">0</atprecis><attscale Sync="TRUE">0</attscale><attrdef Sync="TRUE">Internal feature number.</attrdef><attrdefs Sync="TRUE">Esri</attrdefs><attrdomv><udom Sync="TRUE">Sequential unique whole numbers that are automatically generated.</udom></attrdomv></attr><attr><attrlabl Sync="TRUE">SHAPE</attrlabl><attalias Sync="TRUE">Shape</attalias><attrtype Sync="TRUE">Geometry</attrtype><attwidth Sync="TRUE">0</attwidth><atprecis Sync="TRUE">0</atprecis><attscale Sync="TRUE">0</attscale><attrdef Sync="TRUE">Feature geometry.</attrdef><attrdefs Sync="TRUE">ESRI</attrdefs><attrdomv><udom Sync="TRUE">Coordinates defining the features.</udom></attrdomv></attr><attr><attrlabl Sync="TRUE">UNIT_ID</attrlabl><attalias Sync="TRUE">UNIT_ID</attalias><attrtype Sync="TRUE">String</attrtype><attwidth Sync="TRUE">4</attwidth><atprecis Sync="TRUE">0</atprecis><attscale Sync="TRUE">0</attscale></attr><attr><attrlabl Sync="TRUE">SCHOOL_ID</attrlabl><attalias Sync="TRUE">SCHOOL_ID</attalias><attrtype Sync="TRUE">String</attrtype><attwidth Sync="TRUE">6</attwidth><atprecis Sync="TRUE">0</atprecis><attscale Sync="TRUE">0</attscale></attr><attr><attrlabl Sync="TRUE">SCHOOL_NM</attrlabl><attalias Sync="TRUE">SCHOOL_NM</attalias><attrtype Sync="TRUE">String</attrtype><attwidth Sync="TRUE">50</attwidth><atprecis Sync="TRUE">0</atprecis><attscale Sync="TRUE">0</attscale></attr><attr><attrlabl Sync="TRUE">SCHOOL_ADD</attrlabl><attalias Sync="TRUE">SCHOOL_ADD</attalias><attrtype Sync="TRUE">String</attrtype><attwidth Sync="TRUE">50</attwidth><atprecis Sync="TRUE">0</atprecis><attscale Sync="TRUE">0</attscale></attr><attr><attrlabl Sync="TRUE">GRADE_CAT</attrlabl><attalias Sync="TRUE">GRADE_CAT</attalias><attrtype Sync="TRUE">String</attrtype><attwidth Sync="TRUE">2</attwidth><atprecis Sync="TRUE">0</atprecis><attscale Sync="TRUE">0</attscale></attr><attr><attrlabl Sync="TRUE">BOUNDARYGR</attrlabl><attalias Sync="TRUE">BOUNDARYGR</attalias><attrtype Sync="TRUE">String</attrtype><attwidth Sync="TRUE">30</attwidth><atprecis Sync="TRUE">0</atprecis><attscale Sync="TRUE">0</attscale></attr><attr><attrlabl Sync="TRUE">SCH_TYPE</attrlabl><attalias Sync="TRUE">SCH_TYPE</attalias><attrtype Sync="TRUE">String</attrtype><attwidth Sync="TRUE">25</attwidth><atprecis Sync="TRUE">0</atprecis><attscale Sync="TRUE">0</attscale></attr><attr><attrlabl Sync="TRUE">BRD_RPT</attrlabl><attalias Sync="TRUE">BRD_RPT</attalias><attrtype Sync="TRUE">String</attrtype><attwidth Sync="TRUE">25</attwidth><atprecis Sync="TRUE">0</atprecis><attscale Sync="TRUE">0</attscale></attr><attr><attrlabl Sync="TRUE">Shape_Leng</attrlabl><attalias Sync="TRUE">Shape_Leng</attalias><attrtype Sync="TRUE">Double</attrtype><attwidth Sync="TRUE">19</attwidth><atprecis Sync="TRUE">0</atprecis><attscale Sync="TRUE">0</attscale></attr><attr><attrlabl Sync="TRUE">SHAPE_Area</attrlabl><attalias Sync="TRUE">Shape_Area</attalias><attrtype Sync="TRUE">Double</attrtype><attwidth Sync="TRUE">19</attwidth><atprecis Sync="TRUE">0</atprecis><attscale Sync="TRUE">0</attscale><attrdef Sync="TRUE">Area of feature in internal units squared.</attrdef><attrdefs Sync="TRUE">ESRI</attrdefs><attrdomv><udom Sync="TRUE">Positive real numbers that are automatically generated.</udom></attrdomv></attr></detailed></eainfo><mdDateSt Sync="TRUE">20160602</mdDateSt></metadata>
