<metadata xml:lang="en"><Esri><CreaDate>20150310</CreaDate><CreaTime>09491200</CreaTime><ArcGISFormat>1.0</ArcGISFormat><SyncOnce>FALSE</SyncOnce><DataProperties><itemProps><itemName Sync="TRUE">High_School_Attendance_1516</itemName><imsContentType Sync="TRUE">002</imsContentType><itemLocation><linkage Sync="TRUE">file://\\admin\deptdata\CEO\StratPlan\Projects2016\Adam\FOIA_Request\AttendanceBoundaries_0304_1617\High_School_Attendance_1516.shp</linkage><protocol Sync="TRUE">Local Area Network</protocol></itemLocation><itemSize Sync="TRUE">0.000</itemSize></itemProps><coordRef><type Sync="TRUE">Projected</type><geogcsn Sync="TRUE">GCS_North_American_1983</geogcsn><csUnits Sync="TRUE">Linear Unit: Foot_US (0.304801)</csUnits><projcsn Sync="TRUE">NAD_1983_StatePlane_Illinois_East_FIPS_1201_Feet</projcsn><peXml Sync="TRUE">&lt;ProjectedCoordinateSystem xsi:type='typens:ProjectedCoordinateSystem' xmlns:xsi='http://www.w3.org/2001/XMLSchema-instance' xmlns:xs='http://www.w3.org/2001/XMLSchema' xmlns:typens='http://www.esri.com/schemas/ArcGIS/10.4'&gt;&lt;WKT&gt;PROJCS[&amp;quot;NAD_1983_StatePlane_Illinois_East_FIPS_1201_Feet&amp;quot;,GEOGCS[&amp;quot;GCS_North_American_1983&amp;quot;,DATUM[&amp;quot;D_North_American_1983&amp;quot;,SPHEROID[&amp;quot;GRS_1980&amp;quot;,6378137.0,298.257222101]],PRIMEM[&amp;quot;Greenwich&amp;quot;,0.0],UNIT[&amp;quot;Degree&amp;quot;,0.0174532925199433]],PROJECTION[&amp;quot;Transverse_Mercator&amp;quot;],PARAMETER[&amp;quot;False_Easting&amp;quot;,984250.0],PARAMETER[&amp;quot;False_Northing&amp;quot;,0.0],PARAMETER[&amp;quot;Central_Meridian&amp;quot;,-88.33333333333333],PARAMETER[&amp;quot;Scale_Factor&amp;quot;,0.999975],PARAMETER[&amp;quot;Latitude_Of_Origin&amp;quot;,36.66666666666666],UNIT[&amp;quot;Foot_US&amp;quot;,0.3048006096012192],AUTHORITY[&amp;quot;EPSG&amp;quot;,3435]]&lt;/WKT&gt;&lt;XOrigin&gt;-17463800&lt;/XOrigin&gt;&lt;YOrigin&gt;-46132600&lt;/YOrigin&gt;&lt;XYScale&gt;137244822.07846552&lt;/XYScale&gt;&lt;ZOrigin&gt;-100000&lt;/ZOrigin&gt;&lt;ZScale&gt;10000&lt;/ZScale&gt;&lt;MOrigin&gt;-100000&lt;/MOrigin&gt;&lt;MScale&gt;10000&lt;/MScale&gt;&lt;XYTolerance&gt;0.0032808333333333331&lt;/XYTolerance&gt;&lt;ZTolerance&gt;0.001&lt;/ZTolerance&gt;&lt;MTolerance&gt;0.001&lt;/MTolerance&gt;&lt;HighPrecision&gt;true&lt;/HighPrecision&gt;&lt;WKID&gt;102671&lt;/WKID&gt;&lt;LatestWKID&gt;3435&lt;/LatestWKID&gt;&lt;/ProjectedCoordinateSystem&gt;</peXml></coordRef><lineage><Process ToolSource="c:\program files (x86)\arcgis\desktop10.2\ArcToolbox\Toolboxes\Data Management Tools.tbx\CopyFeatures" Date="20140509" Time="123421">CopyFeatures M:\CEO\StratPlan\database\Neededfiles1.gdb\T15HighSchool_AttendanceBoundaries M:\CEO\StratPlan\Projects2014\Boundary\shape\T15HighSchool_AttendanceBoundaries.shp # 0 0 0</Process><Process ToolSource="c:\program files (x86)\arcgis\desktop10.2\ArcToolbox\Toolboxes\Conversion Tools.tbx\FeatureClassToFeatureClass" Date="20140529" Time="115103">FeatureClassToFeatureClass M:\CEO\StratPlan\Boundary_Files_2014_2015\bounds201415.gdb\boundaries\T15HighSchool_AttendanceBoundaries M:\CEO\StratPlan\database\STRATPLAN_GIS_MASTER.gdb\AttendanceBoundaries High_School_Attendance_1415 # "BoundaryGr "BoundaryGr" true true false 50 Text 0 0 ,First,#,M:\CEO\StratPlan\Boundary_Files_2014_2015\bounds201415.gdb\boundaries\T15HighSchool_AttendanceBoundaries,BoundaryGr,-1,-1;SchoolName "SchoolName" true true false 254 Text 0 0 ,First,#,M:\CEO\StratPlan\Boundary_Files_2014_2015\bounds201415.gdb\boundaries\T15HighSchool_AttendanceBoundaries,SchoolName,-1,-1;SchoolID "SchoolID" true true false 254 Text 0 0 ,First,#,M:\CEO\StratPlan\Boundary_Files_2014_2015\bounds201415.gdb\boundaries\T15HighSchool_AttendanceBoundaries,SchoolID,-1,-1;SchoolAddr "SchoolAddr" true true false 254 Text 0 0 ,First,#,M:\CEO\StratPlan\Boundary_Files_2014_2015\bounds201415.gdb\boundaries\T15HighSchool_AttendanceBoundaries,SchoolAddr,-1,-1;SchoolType "SchoolType" true true false 254 Text 0 0 ,First,#,M:\CEO\StratPlan\Boundary_Files_2014_2015\bounds201415.gdb\boundaries\T15HighSchool_AttendanceBoundaries,SchoolType,-1,-1;SchoolCate "SchoolCate" true true false 254 Text 0 0 ,First,#,M:\CEO\StratPlan\Boundary_Files_2014_2015\bounds201415.gdb\boundaries\T15HighSchool_AttendanceBoundaries,SchoolCate,-1,-1;Classifica "Classifica" true true false 254 Text 0 0 ,First,#,M:\CEO\StratPlan\Boundary_Files_2014_2015\bounds201415.gdb\boundaries\T15HighSchool_AttendanceBoundaries,Classifica,-1,-1;Geographic "Geographic" true true false 50 Text 0 0 ,First,#,M:\CEO\StratPlan\Boundary_Files_2014_2015\bounds201415.gdb\boundaries\T15HighSchool_AttendanceBoundaries,Geographic,-1,-1;Geograph_1 "Geograph_1" true true false 50 Text 0 0 ,First,#,M:\CEO\StratPlan\Boundary_Files_2014_2015\bounds201415.gdb\boundaries\T15HighSchool_AttendanceBoundaries,Geograph_1,-1,-1;Shape_Leng "Shape_Leng" true true false 8 Double 0 0 ,First,#,M:\CEO\StratPlan\Boundary_Files_2014_2015\bounds201415.gdb\boundaries\T15HighSchool_AttendanceBoundaries,Shape_Leng,-1,-1;Shape_Length "Shape_Length" false true true 8 Double 0 0 ,First,#,M:\CEO\StratPlan\Boundary_Files_2014_2015\bounds201415.gdb\boundaries\T15HighSchool_AttendanceBoundaries,Shape_Length,-1,-1;Shape_Area "Shape_Area" false true true 8 Double 0 0 ,First,#,M:\CEO\StratPlan\Boundary_Files_2014_2015\bounds201415.gdb\boundaries\T15HighSchool_AttendanceBoundaries,Shape_Area,-1,-1" #</Process><Process ToolSource="c:\program files (x86)\arcgis\desktop10.2\ArcToolbox\Toolboxes\Data Management Tools.tbx\CopyFeatures" Date="20140725" Time="113347">CopyFeatures High_School_Attendance_1415 M:\CEO\StratPlan\Projects2014\Adam\NewSchools_2014_2015\Boundary_NewCoast.gdb\High_School_Attendance_1415 # 0 0 0</Process><Process ToolSource="c:\program files (x86)\arcgis\desktop10.2\ArcToolbox\Toolboxes\Data Management Tools.tbx\CopyFeatures" Date="20140730" Time="132411">CopyFeatures M:\CEO\StratPlan\Projects2014\Adam\NewSchools_2014_2015\Boundary_NewCoast.gdb\High_School_Attendance_1415 M:\CEO\StratPlan\database\STRATPLAN_GIS_MASTER.gdb\AttendanceBoundaries\High_School_Attendance_1415 # 0 0 0</Process><Process ToolSource="c:\program files (x86)\arcgis\desktop10.2\ArcToolbox\Toolboxes\Conversion Tools.tbx\FeatureClassToFeatureClass" Date="20140826" Time="155825">FeatureClassToFeatureClass M:\CEO\StratPlan\database\STRATPLAN_GIS_MASTER.gdb\AttendanceBoundaries\High_School_Attendance_1415 M:\CEO\StratPlan\database\STRATPLAN_GIS_MASTER.gdb High_School_Attendance_1516_prelim # "BoundaryGr "BoundaryGr" true true false 50 Text 0 0 ,First,#,M:\CEO\StratPlan\database\STRATPLAN_GIS_MASTER.gdb\AttendanceBoundaries\High_School_Attendance_1415,BoundaryGr,-1,-1;SchoolName "SchoolName" true true false 254 Text 0 0 ,First,#,M:\CEO\StratPlan\database\STRATPLAN_GIS_MASTER.gdb\AttendanceBoundaries\High_School_Attendance_1415,SchoolName,-1,-1;SchoolID "SchoolID" true true false 254 Text 0 0 ,First,#,M:\CEO\StratPlan\database\STRATPLAN_GIS_MASTER.gdb\AttendanceBoundaries\High_School_Attendance_1415,SchoolID,-1,-1;SchoolAddr "SchoolAddr" true true false 254 Text 0 0 ,First,#,M:\CEO\StratPlan\database\STRATPLAN_GIS_MASTER.gdb\AttendanceBoundaries\High_School_Attendance_1415,SchoolAddr,-1,-1;SchoolType "SchoolType" true true false 254 Text 0 0 ,First,#,M:\CEO\StratPlan\database\STRATPLAN_GIS_MASTER.gdb\AttendanceBoundaries\High_School_Attendance_1415,SchoolType,-1,-1;SchoolCate "SchoolCate" true true false 254 Text 0 0 ,First,#,M:\CEO\StratPlan\database\STRATPLAN_GIS_MASTER.gdb\AttendanceBoundaries\High_School_Attendance_1415,SchoolCate,-1,-1;Classifica "Classifica" true true false 254 Text 0 0 ,First,#,M:\CEO\StratPlan\database\STRATPLAN_GIS_MASTER.gdb\AttendanceBoundaries\High_School_Attendance_1415,Classifica,-1,-1;Geographic "Geographic" true true false 50 Text 0 0 ,First,#,M:\CEO\StratPlan\database\STRATPLAN_GIS_MASTER.gdb\AttendanceBoundaries\High_School_Attendance_1415,Geographic,-1,-1;Geograph_1 "Geograph_1" true true false 50 Text 0 0 ,First,#,M:\CEO\StratPlan\database\STRATPLAN_GIS_MASTER.gdb\AttendanceBoundaries\High_School_Attendance_1415,Geograph_1,-1,-1;Shape_Leng "Shape_Leng" true true false 8 Double 0 0 ,First,#,M:\CEO\StratPlan\database\STRATPLAN_GIS_MASTER.gdb\AttendanceBoundaries\High_School_Attendance_1415,Shape_Leng,-1,-1;Shape_Length "Shape_Length" false true true 8 Double 0 0 ,First,#,M:\CEO\StratPlan\database\STRATPLAN_GIS_MASTER.gdb\AttendanceBoundaries\High_School_Attendance_1415,Shape_Length,-1,-1;Shape_Area "Shape_Area" false true true 8 Double 0 0 ,First,#,M:\CEO\StratPlan\database\STRATPLAN_GIS_MASTER.gdb\AttendanceBoundaries\High_School_Attendance_1415,Shape_Area,-1,-1" #</Process><Process ToolSource="c:\program files (x86)\arcgis\desktop10.2\ArcToolbox\Toolboxes\Data Management Tools.tbx\Append" Date="20150211" Time="115905">Append 'High_School_Attendance_1415 selection' High_School_Attendance_1516_prelim NO_TEST "BoundaryGr "BoundaryGr" true true false 50 Text 0 0 ,First,#,High_School_Attendance_1415 selection,BoundaryGr,-1,-1;SchoolName "SchoolName" true true false 254 Text 0 0 ,First,#,High_School_Attendance_1415 selection,SchoolName,-1,-1;SchoolID "SchoolID" true true false 254 Text 0 0 ,First,#,High_School_Attendance_1415 selection,SchoolID,-1,-1;SchoolAddr "SchoolAddr" true true false 254 Text 0 0 ,First,#,High_School_Attendance_1415 selection,SchoolAddr,-1,-1;SchoolType "SchoolType" true true false 254 Text 0 0 ,First,#,High_School_Attendance_1415 selection,SchoolType,-1,-1;SchoolCate "SchoolCate" true true false 254 Text 0 0 ,First,#,High_School_Attendance_1415 selection,SchoolCate,-1,-1;Classifica "Classifica" true true false 254 Text 0 0 ,First,#,High_School_Attendance_1415 selection,Classifica,-1,-1;Geographic "Geographic" true true false 50 Text 0 0 ,First,#,High_School_Attendance_1415 selection,Geographic,-1,-1;Geograph_1 "Geograph_1" true true false 50 Text 0 0 ,First,#,High_School_Attendance_1415 selection,Geograph_1,-1,-1;Shape_Leng "Shape_Leng" true true false 8 Double 0 0 ,First,#,High_School_Attendance_1415 selection,Shape_Leng,-1,-1;Shape_Length "Shape_Length" false true true 8 Double 0 0 ,First,#,High_School_Attendance_1415 selection,Shape_Length,-1,-1;Shape_Area "Shape_Area" false true true 8 Double 0 0 ,First,#,High_School_Attendance_1415 selection,Shape_Area,-1,-1" #</Process><Process ToolSource="c:\program files (x86)\arcgis\desktop10.2\ArcToolbox\Toolboxes\Data Management Tools.tbx\CopyFeatures" Date="20150212" Time="130635">CopyFeatures High_School_Attendance_1516_prelim M:\CEO\StratPlan\database\STRATPLAN_GIS_MASTER.gdb\AttBound_Topology\High_School_Attendance_1516_prelim_1 # 0 0 0</Process><Process ToolSource="c:\program files (x86)\arcgis\desktop10.2\ArcToolbox\Toolboxes\Conversion Tools.tbx\FeatureClassToFeatureClass" Date="20150213" Time="140845">FeatureClassToFeatureClass High_School_Attendance_1516_prelim_1 M:\CEO\StratPlan\database\STRATPLAN_GIS_MASTER.gdb\AttBound_Topology2 High_School_Attendance_1516_prelim_1_1 # "BoundaryGr "BoundaryGr" true true false 50 Text 0 0 ,First,#,High_School_Attendance_1516_prelim_1,BoundaryGr,-1,-1;SchoolName "SchoolName" true true false 254 Text 0 0 ,First,#,High_School_Attendance_1516_prelim_1,SchoolName,-1,-1;SchoolID "SchoolID" true true false 254 Text 0 0 ,First,#,High_School_Attendance_1516_prelim_1,SchoolID,-1,-1;SchoolAddr "SchoolAddr" true true false 254 Text 0 0 ,First,#,High_School_Attendance_1516_prelim_1,SchoolAddr,-1,-1;SchoolType "SchoolType" true true false 254 Text 0 0 ,First,#,High_School_Attendance_1516_prelim_1,SchoolType,-1,-1;SchoolCate "SchoolCate" true true false 254 Text 0 0 ,First,#,High_School_Attendance_1516_prelim_1,SchoolCate,-1,-1;Classifica "Classifica" true true false 254 Text 0 0 ,First,#,High_School_Attendance_1516_prelim_1,Classifica,-1,-1;Geographic "Geographic" true true false 50 Text 0 0 ,First,#,High_School_Attendance_1516_prelim_1,Geographic,-1,-1;Geograph_1 "Geograph_1" true true false 50 Text 0 0 ,First,#,High_School_Attendance_1516_prelim_1,Geograph_1,-1,-1;Shape_Leng "Shape_Leng" true true false 8 Double 0 0 ,First,#,High_School_Attendance_1516_prelim_1,Shape_Leng,-1,-1;Shape_Length "Shape_Length" false true true 8 Double 0 0 ,First,#,High_School_Attendance_1516_prelim_1,Shape_Length,-1,-1;Shape_Area "Shape_Area" false true true 8 Double 0 0 ,First,#,High_School_Attendance_1516_prelim_1,Shape_Area,-1,-1" #</Process><Process ToolSource="c:\program files (x86)\arcgis\desktop10.2\ArcToolbox\Toolboxes\Conversion Tools.tbx\FeatureClassToFeatureClass" Date="20150218" Time="114850">FeatureClassToFeatureClass "New Group Layer\High_School_Attendance_1516_prelim_1_1" M:\CEO\StratPlan\database\STRATPLAN_GIS_MASTER.gdb\AttBound_Topology3 High_School_Attendance_1516_prelim_1_1_1 # "BoundaryGr "BoundaryGr" true true false 50 Text 0 0 ,First,#,New Group Layer\High_School_Attendance_1516_prelim_1_1,BoundaryGr,-1,-1;SchoolName "SchoolName" true true false 254 Text 0 0 ,First,#,New Group Layer\High_School_Attendance_1516_prelim_1_1,SchoolName,-1,-1;SchoolID "SchoolID" true true false 254 Text 0 0 ,First,#,New Group Layer\High_School_Attendance_1516_prelim_1_1,SchoolID,-1,-1;SchoolAddr "SchoolAddr" true true false 254 Text 0 0 ,First,#,New Group Layer\High_School_Attendance_1516_prelim_1_1,SchoolAddr,-1,-1;SchoolType "SchoolType" true true false 254 Text 0 0 ,First,#,New Group Layer\High_School_Attendance_1516_prelim_1_1,SchoolType,-1,-1;SchoolCate "SchoolCate" true true false 254 Text 0 0 ,First,#,New Group Layer\High_School_Attendance_1516_prelim_1_1,SchoolCate,-1,-1;Classifica "Classifica" true true false 254 Text 0 0 ,First,#,New Group Layer\High_School_Attendance_1516_prelim_1_1,Classifica,-1,-1;Geographic "Geographic" true true false 50 Text 0 0 ,First,#,New Group Layer\High_School_Attendance_1516_prelim_1_1,Geographic,-1,-1;Geograph_1 "Geograph_1" true true false 50 Text 0 0 ,First,#,New Group Layer\High_School_Attendance_1516_prelim_1_1,Geograph_1,-1,-1;Shape_Leng "Shape_Leng" true true false 8 Double 0 0 ,First,#,New Group Layer\High_School_Attendance_1516_prelim_1_1,Shape_Leng,-1,-1;Shape_Length "Shape_Length" false true true 8 Double 0 0 ,First,#,New Group Layer\High_School_Attendance_1516_prelim_1_1,Shape_Length,-1,-1;Shape_Area "Shape_Area" false true true 8 Double 0 0 ,First,#,New Group Layer\High_School_Attendance_1516_prelim_1_1,Shape_Area,-1,-1" #</Process><Process ToolSource="c:\program files (x86)\arcgis\desktop10.4\ArcToolbox\Toolboxes\Data Management Tools.tbx\CalculateField" Date="20160509" Time="125347">CalculateField High_School_Attendance_1516_TEMP Grades [BoundaryGr] VB #</Process><Process Name="Add Field" ToolSource="c:\program files (x86)\arcgis\desktop10.4\ArcToolbox\Toolboxes\Data Management Tools.tbx\AddField" Date="20160509" Time="125405">AddField High_School_Attendance_1516_TEMP UNIT_ID TEXT # # 4 # NULLABLE NON_REQUIRED #</Process><Process Name="Add Field (2)" ToolSource="c:\program files (x86)\arcgis\desktop10.4\ArcToolbox\Toolboxes\Data Management Tools.tbx\AddField" Date="20160509" Time="125405">AddField High_School_Attendance_1516_TEMP SCHOOL_ID TEXT # # 6 # NULLABLE NON_REQUIRED #</Process><Process Name="Add Field (3)" ToolSource="c:\program files (x86)\arcgis\desktop10.4\ArcToolbox\Toolboxes\Data Management Tools.tbx\AddField" Date="20160509" Time="125406">AddField High_School_Attendance_1516_TEMP SCHOOL_NM TEXT # # 50 # NULLABLE NON_REQUIRED #</Process><Process Name="Add Field (7)" ToolSource="c:\program files (x86)\arcgis\desktop10.4\ArcToolbox\Toolboxes\Data Management Tools.tbx\AddField" Date="20160509" Time="125407">AddField High_School_Attendance_1516_TEMP SCHOOL_ADDR TEXT # # 50 # NULLABLE NON_REQUIRED #</Process><Process Name="Add Field (6)" ToolSource="c:\program files (x86)\arcgis\desktop10.4\ArcToolbox\Toolboxes\Data Management Tools.tbx\AddField" Date="20160509" Time="125407">AddField High_School_Attendance_1516_TEMP GRADE_CAT TEXT # # 2 # NULLABLE NON_REQUIRED #</Process><Process Name="Add Field (5)" ToolSource="c:\program files (x86)\arcgis\desktop10.4\ArcToolbox\Toolboxes\Data Management Tools.tbx\AddField" Date="20160509" Time="125408">AddField High_School_Attendance_1516_TEMP BOUNDARYGR TEXT # # 30 # NULLABLE NON_REQUIRED #</Process><Process Name="Add Field (4)" ToolSource="c:\program files (x86)\arcgis\desktop10.4\ArcToolbox\Toolboxes\Data Management Tools.tbx\AddField" Date="20160509" Time="125409">AddField High_School_Attendance_1516_TEMP SCH_TYPE TEXT # # 25 # NULLABLE NON_REQUIRED #</Process><Process Name="Add Field (8)" ToolSource="c:\program files (x86)\arcgis\desktop10.4\ArcToolbox\Toolboxes\Data Management Tools.tbx\AddField" Date="20160509" Time="125409">AddField High_School_Attendance_1516_TEMP BRD_RPT TEXT # # 25 # NULLABLE NON_REQUIRED #</Process><Process ToolSource="c:\program files (x86)\arcgis\desktop10.4\ArcToolbox\Toolboxes\Data Management Tools.tbx\CalculateField" Date="20160509" Time="125425">CalculateField High_School_Attendance_1516_TEMP SCHOOL_ID [SchoolID] VB #</Process><Process ToolSource="c:\program files (x86)\arcgis\desktop10.4\ArcToolbox\Toolboxes\Data Management Tools.tbx\CalculateField" Date="20160509" Time="125431">CalculateField High_School_Attendance_1516_TEMP SCHOOL_NM [SchoolName] VB #</Process><Process ToolSource="c:\program files (x86)\arcgis\desktop10.4\ArcToolbox\Toolboxes\Data Management Tools.tbx\CalculateField" Date="20160509" Time="125444">CalculateField High_School_Attendance_1516_TEMP SCHOOL_ADDR UCase( [SchoolAddr]) VB #</Process><Process ToolSource="c:\program files (x86)\arcgis\desktop10.4\ArcToolbox\Toolboxes\Data Management Tools.tbx\CalculateField" Date="20160509" Time="125453">CalculateField High_School_Attendance_1516_TEMP GRADE_CAT "HS" VB #</Process><Process ToolSource="c:\program files (x86)\arcgis\desktop10.4\ArcToolbox\Toolboxes\Data Management Tools.tbx\CalculateField" Date="20160509" Time="125501">CalculateField High_School_Attendance_1516_TEMP BOUNDARYGR [Grades] VB #</Process><Process ToolSource="c:\program files (x86)\arcgis\desktop10.4\ArcToolbox\Toolboxes\Data Management Tools.tbx\CalculateField" Date="20160509" Time="125506">CalculateField High_School_Attendance_1516_TEMP SCH_TYPE "District, non-alternative" VB #</Process></lineage></DataProperties><SyncDate>20160602</SyncDate><SyncTime>11350400</SyncTime><ModDate>20160602</ModDate><ModTime>11350400</ModTime></Esri><dataIdInfo><envirDesc Sync="TRUE">Microsoft Windows 7 Version 6.1 (Build 7601) Service Pack 1; Esri ArcGIS 10.4.0.5524</envirDesc><dataLang><languageCode value="eng" Sync="TRUE"></languageCode><countryCode value="USA" Sync="TRUE"></countryCode></dataLang><idCitation><resTitle Sync="TRUE">High_School_Attendance_1516</resTitle><presForm><PresFormCd value="005" Sync="TRUE"></PresFormCd></presForm></idCitation><spatRpType><SpatRepTypCd value="001" Sync="TRUE"></SpatRepTypCd></spatRpType></dataIdInfo><mdLang><languageCode value="eng" Sync="TRUE"></languageCode><countryCode value="USA" Sync="TRUE"></countryCode></mdLang><distInfo><distFormat><formatName Sync="TRUE">Shapefile</formatName></distFormat><distTranOps><transSize Sync="TRUE">0.000</transSize></distTranOps></distInfo><mdHrLv><ScopeCd value="005" Sync="TRUE"></ScopeCd></mdHrLv><mdHrLvName Sync="TRUE">dataset</mdHrLvName><refSysInfo><RefSystem><refSysID><identCode code="3435" Sync="TRUE"></identCode><idCodeSpace Sync="TRUE">EPSG</idCodeSpace><idVersion Sync="TRUE">6.12(9.3.0.0)</idVersion></refSysID></RefSystem></refSysInfo><spatRepInfo><VectSpatRep><geometObjs Name="High_School_Attendance_1516"><geoObjTyp><GeoObjTypCd value="002" Sync="TRUE"></GeoObjTypCd></geoObjTyp><geoObjCnt Sync="TRUE">0</geoObjCnt></geometObjs><topLvl><TopoLevCd value="001" Sync="TRUE"></TopoLevCd></topLvl></VectSpatRep></spatRepInfo><spdoinfo><ptvctinf><esriterm Name="High_School_Attendance_1516"><efeatyp Sync="TRUE">Simple</efeatyp><efeageom code="4" Sync="TRUE"></efeageom><esritopo Sync="TRUE">FALSE</esritopo><efeacnt Sync="TRUE">0</efeacnt><spindex Sync="TRUE">FALSE</spindex><linrefer Sync="TRUE">FALSE</linrefer></esriterm></ptvctinf></spdoinfo><eainfo><detailed Name="High_School_Attendance_1516"><enttyp><enttypl Sync="TRUE">High_School_Attendance_1516</enttypl><enttypt Sync="TRUE">Feature Class</enttypt><enttypc Sync="TRUE">0</enttypc></enttyp><attr><attrlabl Sync="TRUE">FID</attrlabl><attalias Sync="TRUE">FID</attalias><attrtype Sync="TRUE">OID</attrtype><attwidth Sync="TRUE">4</attwidth><atprecis Sync="TRUE">0</atprecis><attscale Sync="TRUE">0</attscale><attrdef Sync="TRUE">Internal feature number.</attrdef><attrdefs Sync="TRUE">Esri</attrdefs><attrdomv><udom Sync="TRUE">Sequential unique whole numbers that are automatically generated.</udom></attrdomv></attr><attr><attrlabl Sync="TRUE">Shape</attrlabl><attalias Sync="TRUE">Shape</attalias><attrtype Sync="TRUE">Geometry</attrtype><attwidth Sync="TRUE">0</attwidth><atprecis Sync="TRUE">0</atprecis><attscale Sync="TRUE">0</attscale><attrdef Sync="TRUE">Feature geometry.</attrdef><attrdefs Sync="TRUE">Esri</attrdefs><attrdomv><udom Sync="TRUE">Coordinates defining the features.</udom></attrdomv></attr><attr><attrlabl Sync="TRUE">SCHOOL_ID</attrlabl><attalias Sync="TRUE">SCHOOL_ID</attalias><attrtype Sync="TRUE">String</attrtype><attwidth Sync="TRUE">6</attwidth><atprecis Sync="TRUE">0</atprecis><attscale Sync="TRUE">0</attscale></attr><attr><attrlabl Sync="TRUE">SCHOOL_NM</attrlabl><attalias Sync="TRUE">SCHOOL_NM</attalias><attrtype Sync="TRUE">String</attrtype><attwidth Sync="TRUE">50</attwidth><atprecis Sync="TRUE">0</atprecis><attscale Sync="TRUE">0</attscale></attr><attr><attrlabl Sync="TRUE">SCHOOL_ADD</attrlabl><attalias Sync="TRUE">SCHOOL_ADD</attalias><attrtype Sync="TRUE">String</attrtype><attwidth Sync="TRUE">50</attwidth><atprecis Sync="TRUE">0</atprecis><attscale Sync="TRUE">0</attscale></attr><attr><attrlabl Sync="TRUE">GRADE_CAT</attrlabl><attalias Sync="TRUE">GRADE_CAT</attalias><attrtype Sync="TRUE">String</attrtype><attwidth Sync="TRUE">2</attwidth><atprecis Sync="TRUE">0</atprecis><attscale Sync="TRUE">0</attscale></attr><attr><attrlabl Sync="TRUE">BoundaryGr</attrlabl><attalias Sync="TRUE">BOUNDARYGR</attalias><attrtype Sync="TRUE">String</attrtype><attwidth Sync="TRUE">30</attwidth><atprecis Sync="TRUE">0</atprecis><attscale Sync="TRUE">0</attscale></attr><attr><attrlabl Sync="TRUE">SCH_TYPE</attrlabl><attalias Sync="TRUE">SCH_TYPE</attalias><attrtype Sync="TRUE">String</attrtype><attwidth Sync="TRUE">25</attwidth><atprecis Sync="TRUE">0</atprecis><attscale Sync="TRUE">0</attscale></attr><attr><attrlabl Sync="TRUE">BRD_RPT</attrlabl><attalias Sync="TRUE">BRD_RPT</attalias><attrtype Sync="TRUE">String</attrtype><attwidth Sync="TRUE">25</attwidth><atprecis Sync="TRUE">0</atprecis><attscale Sync="TRUE">0</attscale></attr><attr><attrlabl Sync="TRUE">Shape_Leng</attrlabl><attalias Sync="TRUE">Shape_Leng</attalias><attrtype Sync="TRUE">Double</attrtype><attwidth Sync="TRUE">19</attwidth><atprecis Sync="TRUE">0</atprecis><attscale Sync="TRUE">0</attscale></attr><attr><attrlabl Sync="TRUE">Shape_Area</attrlabl><attalias Sync="TRUE">Shape_Area</attalias><attrtype Sync="TRUE">Double</attrtype><attwidth Sync="TRUE">19</attwidth><atprecis Sync="TRUE">0</atprecis><attscale Sync="TRUE">0</attscale><attrdef Sync="TRUE">Area of feature in internal units squared.</attrdef><attrdefs Sync="TRUE">Esri</attrdefs><attrdomv><udom Sync="TRUE">Positive real numbers that are automatically generated.</udom></attrdomv></attr></detailed></eainfo><mdDateSt Sync="TRUE">20160602</mdDateSt></metadata>
